1  ;а;conj;
2  ;а;intj;
3  ;а-а;intj;
4  ;абсолютно;adv;
5  ;абсолютный;a;
6  ;август;s;
7  ;автобус;s;
8  ;автомат;s;
9  ;автомобиль;s;
10  ;автор;s;
11  ;авторитет;s;
12  ;ага;intj;
13  ;агент;s;
14  ;ад;s;
15  ;адвокат;s;
16  ;адрес;s;
17  ;аж;part;
18  ;ай;intj;
19  ;академик;s;
20  ;академия;s;
21  ;аккуратно;adv;
22  ;аккуратный;a;
23  ;акт;s;
24  ;актер;s;
25  ;актриса;s;
26  ;акцент;s;
27  ;акция;s;
28  ;аллея;s;
29  ;алый;a;
30  ;альбом;s;
31  ;американец;s;
32  ;американский;a;
33  ;анализ;s;
34  ;ангел;s;
35  ;английский;a;
36  ;англичанин;s;
37  ;анекдот;s;
38  ;аппарат;s;
39  ;аппетит;s;
40  ;апрель;s;
41  ;арест;s;
42  ;арестовать;v;
43  ;армейский;a;
44  ;армия;s;
45  ;аромат;s;
46  ;артист;s;
47  ;архив;s;
48  ;асфальт;s;
49  ;атака;s;
50  ;атмосфера;s;
51  ;ах;intj;
52  ;ахнуть;v;
53  ;аэродром;s;
54  ;аэропорт;s;
55  ;б;part;
56  ;баба;s;
57  ;бабка;s;
58  ;бабочка;s;
59  ;бабушка;s;
60  ;база;s;
61  ;базар;s;
62  ;балкон;s;
63  ;бандит;s;
64  ;банк;s;
65  ;банка;s;
66  ;баня;s;
67  ;бар;s;
68  ;барабан;s;
69  ;барак;s;
70  ;барон;s;
71  ;барышня;s;
72  ;бас;s;
73  ;бассейн;s;
74  ;батальон;s;
75  ;батарея;s;
76  ;батюшка;s;
77  ;башка;s;
78  ;башня;s;
79  ;бег;s;
80  ;бегать;v;
81  ;бегом;adv;
82  ;беда;s;
83  ;бедный;a;
84  ;бедро;s;
85  ;бежать;v;
86  ;без;pr;
87  ;бездна;s;
88  ;беззвучно;adv;
89  ;безнадежно;adv;
90  ;безопасность;s;
91  ;безумие;s;
92  ;безумный;a;
93  ;безусловно;adv;
94  ;белеть;v;
95  ;белый;a;
96  ;белье;s;
97  ;бензин;s;
98  ;берег;s;
99  ;бережно;adv;
100  ;береза;s;
101  ;беречь;v;
102  ;бес;s;
103  ;беседа;s;
104  ;беседовать;v;
105  ;бесконечно;adv;
106  ;бесконечный;a;
107  ;беспокоить;v;
108  ;беспокоиться;v;
109  ;беспокойство;s;
110  ;бесполезный;a;
111  ;беспомощный;a;
112  ;бессмысленный;a;
113  ;бесшумно;adv;
114  ;бетонный;a;
115  ;бешеный;a;
116  ;библиотека;s;
117  ;бизнес;s;
118  ;билет;s;
119  ;бинокль;s;
120  ;битва;s;
121  ;бить;v;
122  ;биться;v;
123  ;благо;s;
124  ;благодарить;v;
125  ;благодарность;s;
126  ;благодарный;a;
127  ;благодаря;pr;
128  ;благородный;a;
129  ;бледный;a;
130  ;блеск;s;
131  ;блеснуть;v;
132  ;блестеть;v;
133  ;блестящий;a;
134  ;ближайший;a;
135  ;близкий;a;
136  ;близко;adv;
137  ;близость;s;
138  ;блок;s;
139  ;блокнот;s;
140  ;блондинка;s;
141  ;блюдо;s;
142  ;бог;s;
143  ;богатство;s;
144  ;богатый;a;
145  ;бодро;adv;
146  ;бодрый;a;
147  ;боевой;a;
148  ;боец;s;
149  ;божий;a;
150  ;бой;s;
151  ;бок;s;
152  ;бокал;s;
153  ;боковой;a;
154  ;более;adv;
155  ;более;num;
156  ;болезнь;s;
157  ;болеть;v;
158  ;болото;s;
159  ;болтать;v;
160  ;болтаться;v;
161  ;боль;s;
162  ;больница;s;
163  ;больничный;a;
164  ;больно;adv;
165  ;больной;a;
166  ;больной;s;
167  ;больше;adv;
168  ;больше;num;
169  ;большевик;s;
170  ;больший;a;
171  ;большинство;s;
172  ;большой;a;
173  ;бомба;s;
174  ;бомж;s;
175  ;бормотать;v;
176  ;борода;s;
177  ;бородатый;a;
178  ;бороться;v;
179  ;борт;s;
180  ;борьба;s;
181  ;босой;a;
182  ;ботинок;s;
183  ;бочка;s;
184  ;боярин;s;
185  ;бояться;v;
186  ;брак;s;
187  ;брат;s;
188  ;братец;s;
189  ;брать;v;
190  ;браться;v;
191  ;бревно;s;
192  ;бред;s;
193  ;брести;v;
194  ;бригада;s;
195  ;бригадир;s;
196  ;бровь;s;
197  ;бродить;v;
198  ;бронзовый;a;
199  ;бросать;v;
200  ;бросаться;v;
201  ;бросить;v;
202  ;броситься;v;
203  ;брюки;s;
204  ;брюхо;s;
205  ;будить;v;
206  ;будка;s;
207  ;будто;conj;
208  ;будто;part;
209  ;будущее;s;
210  ;будущий;a;
211  ;буква;s;
212  ;буквально;adv;
213  ;букет;s;
214  ;бульвар;s;
215  ;бумага;s;
216  ;бумажка;s;
217  ;бумажный;a;
218  ;буркнуть;v;
219  ;бурный;a;
220  ;буря;s;
221  ;бутерброд;s;
222  ;бутылка;s;
223  ;буфет;s;
224  ;бы;part;
225  ;бывало;adv;
226  ;бывать;v;
227  ;бывший;a;
228  ;бык;s;
229  ;было;part;
230  ;быстро;adv;
231  ;быстрый;a;
232  ;бытие;s;
233  ;быть;v;
234  ;бюро;s;
235  ;в;pr;
236  ;вагон;s;
237  ;важно;adv;
238  ;важный;a;
239  ;валенок;s;
240  ;валить;v;
241  ;валяться;v;
242  ;ванна;s;
243  ;ванная;s;
244  ;вариант;s;
245  ;варить;v;
246  ;ваш;apro;
247  ;вверх;adv;
248  ;ввести;v;
249  ;вглядываться;v;
250  ;вдали;adv;
251  ;вдвоем;adv;
252  ;вдова;s;
253  ;вдоль;pr;
254  ;вдруг;adv;
255  ;ведать;v;
256  ;ведро;s;
257  ;ведь;conj;
258  ;ведь;part;
259  ;ведьма;s;
260  ;вежливо;adv;
261  ;вежливый;a;
262  ;везде;advpro;
263  ;везти;v;
264  ;век;s;
265  ;веко;s;
266  ;велеть;v;
267  ;великий;a;
268  ;великолепный;a;
269  ;величество;s;
270  ;величина;s;
271  ;велосипед;s;
272  ;вена;s;
273  ;вера;s;
274  ;веранда;s;
275  ;веревка;s;
276  ;верить;v;
277  ;вернее;adv;
278  ;верно;adv;
279  ;вернуть;v;
280  ;вернуться;v;
281  ;верный;a;
282  ;вероятно;adv;
283  ;версия;s;
284  ;верста;s;
285  ;вертеть;v;
286  ;вертеться;v;
287  ;вертолет;s;
288  ;верх;s;
289  ;верхний;a;
290  ;верховный;a;
291  ;вершина;s;
292  ;вес;s;
293  ;весело;adv;
294  ;веселый;a;
295  ;веселье;s;
296  ;весенний;a;
297  ;весло;s;
298  ;весна;s;
299  ;вести;v;
300  ;весть;s;
301  ;весь;apro;
302  ;весьма;adv;
303  ;ветвь;s;
304  ;ветер;s;
305  ;ветерок;s;
306  ;ветка;s;
307  ;вечер;s;
308  ;вечерний;a;
309  ;вечно;adv;
310  ;вечность;s;
311  ;вечный;a;
312  ;вещь;s;
313  ;взвод;s;
314  ;взгляд;s;
315  ;взглянуть;v;
316  ;вздох;s;
317  ;вздохнуть;v;
318  ;вздрагивать;v;
319  ;вздрогнуть;v;
320  ;вздыхать;v;
321  ;взлететь;v;
322  ;взор;s;
323  ;взорваться;v;
324  ;взрослый;a;
325  ;взрослый;s;
326  ;взрыв;s;
327  ;взять;v;
328  ;взяться;v;
329  ;вид;s;
330  ;видать;adv;
331  ;видать;v;
332  ;видение;s;
333  ;видеть;v;
334  ;видеться;v;
335  ;видимо;adv;
336  ;виднеться;v;
337  ;видно;adv;
338  ;видный;a;
339  ;визг;s;
340  ;визжать;v;
341  ;визит;s;
342  ;вилка;s;
343  ;вина;s;
344  ;вино;s;
345  ;виновато;adv;
346  ;виноватый;a;
347  ;винтовка;s;
348  ;висеть;v;
349  ;виски;s;
350  ;висок;s;
351  ;витрина;s;
352  ;включать;v;
353  ;включая;pr;
354  ;включить;v;
355  ;вкус;s;
356  ;вкусный;a;
357  ;владелец;s;
358  ;владеть;v;
359  ;владыка;s;
360  ;влажный;a;
361  ;власть;s;
362  ;влево;adv;
363  ;влезть;v;
364  ;влияние;s;
365  ;вложить;v;
366  ;влюбиться;v;
367  ;вместе;adv;
368  ;вместо;pr;
369  ;вмешаться;v;
370  ;вначале;adv;
371  ;вне;pr;
372  ;внезапно;adv;
373  ;внезапный;a;
374  ;внести;v;
375  ;внешний;a;
376  ;внешность;s;
377  ;вниз;adv;
378  ;внизу;adv;
379  ;внимание;s;
380  ;внимательно;adv;
381  ;внимательный;a;
382  ;вновь;adv;
383  ;внук;s;
384  ;внутренний;a;
385  ;внутри;adv;
386  ;внутри;pr;
387  ;внутрь;adv;
388  ;внучка;s;
389  ;во;pr;
390  ;вовремя;adv;
391  ;вовсе;adv;
392  ;во-вторых;adv;
393  ;вода;s;
394  ;водитель;s;
395  ;водить;v;
396  ;водиться;v;
397  ;водка;s;
398  ;воевать;v;
399  ;воевода;s;
400  ;военный;a;
401  ;военный;s;
402  ;вождь;s;
403  ;возбудить;v;
404  ;возвращать;v;
405  ;возвращаться;v;
406  ;возвращение;s;
407  ;воздух;s;
408  ;воздушный;a;
409  ;возить;v;
410  ;возиться;v;
411  ;возле;pr;
412  ;возможно;adv;
413  ;возможность;s;
414  ;возможный;a;
415  ;возмутиться;v;
416  ;возникать;v;
417  ;возникнуть;v;
418  ;возражать;v;
419  ;возразить;v;
420  ;возраст;s;
421  ;воин;s;
422  ;вой;s;
423  ;война;s;
424  ;войско;s;
425  ;войти;v;
426  ;вокзал;s;
427  ;вокруг;adv;
428  ;вокруг;pr;
429  ;волк;s;
430  ;волна;s;
431  ;волнение;s;
432  ;волновать;v;
433  ;волноваться;v;
434  ;волос;s;
435  ;волшебник;s;
436  ;волшебный;a;
437  ;вольный;a;
438  ;воля;s;
439  ;вон;advpro;
440  ;вон;part;
441  ;вонючий;a;
442  ;воображение;s;
443  ;вообразить;v;
444  ;вообще;adv;
445  ;вообще-то;part;
446  ;во-первых;adv;
447  ;вопль;s;
448  ;вопрос;s;
449  ;вор;s;
450  ;ворваться;v;
451  ;воробей;s;
452  ;воровать;v;
453  ;ворона;s;
454  ;ворот;s;
455  ;ворота;s;
456  ;воротник;s;
457  ;ворчать;v;
458  ;восемнадцать;num;
459  ;восемь;num;
460  ;восемьдесят;num;
461  ;воскликнуть;v;
462  ;воскресенье;s;
463  ;воспитание;s;
464  ;воспользоваться;v;
465  ;воспоминание;s;
466  ;воспринимать;v;
467  ;восстановить;v;
468  ;восток;s;
469  ;восторг;s;
470  ;восточный;a;
471  ;восхищение;s;
472  ;восьмой;anum;
473  ;вот;part;
474  ;вот-вот;adv;
475  ;впервые;adv;
476  ;вперед;adv;
477  ;впереди;adv;
478  ;впереди;pr;
479  ;впечатление;s;
480  ;вплотную;adv;
481  ;вполне;adv;
482  ;впоследствии;adv;
483  ;вправду;adv;
484  ;вправо;adv;
485  ;впрочем;adv;
486  ;впрямь;adv;
487  ;враг;s;
488  ;врать;v;
489  ;врач;s;
490  ;вредный;a;
491  ;врезаться;v;
492  ;временной;a;
493  ;время;s;
494  ;вроде;part;
495  ;вроде;pr;
496  ;вручить;v;
497  ;вряд;adv;
498  ;всадник;s;
499  ;все;advpro;
500  ;все;spro;
501  ;всегда;advpro;
502  ;всего;part;
503  ;вселенная;s;
504  ;всеобщий;a;
505  ;всерьез;adv;
506  ;все-таки;part;
507  ;вскинуть;v;
508  ;вскоре;adv;
509  ;вскочить;v;
510  ;вскрикнуть;v;
511  ;вслед;adv;
512  ;вслух;adv;
513  ;всматриваться;v;
514  ;вспоминать;v;
515  ;вспомнить;v;
516  ;вспомниться;v;
517  ;вспыхивать;v;
518  ;вспыхнуть;v;
519  ;вспышка;s;
520  ;вставать;v;
521  ;вставить;v;
522  ;встать;v;
523  ;встретить;v;
524  ;встретиться;v;
525  ;встреча;s;
526  ;встречать;v;
527  ;встречаться;v;
528  ;встречный;a;
529  ;вступать;v;
530  ;вступить;v;
531  ;всюду;advpro;
532  ;всякий;apro;
533  ;второй;anum;
534  ;втроем;adv;
535  ;вход;s;
536  ;входить;v;
537  ;входной;a;
538  ;вцепиться;v;
539  ;вчера;adv;
540  ;вчерашний;a;
541  ;въехать;v;
542  ;вы;spro;
543  ;выбежать;v;
544  ;выбирать;v;
545  ;выбить;v;
546  ;выбор;s;
547  ;выборы;s;
548  ;выбрать;v;
549  ;выбраться;v;
550  ;выбросить;v;
551  ;вывернуть;v;
552  ;вывести;v;
553  ;вывод;s;
554  ;выводить;v;
555  ;выглядеть;v;
556  ;выглядывать;v;
557  ;выглянуть;v;
558  ;выгнать;v;
559  ;выговорить;v;
560  ;выдавать;v;
561  ;выдать;v;
562  ;выделить;v;
563  ;выдержать;v;
564  ;выдохнуть;v;
565  ;выдумать;v;
566  ;выехать;v;
567  ;выжить;v;
568  ;вызвать;v;
569  ;вызов;s;
570  ;вызывать;v;
571  ;выиграть;v;
572  ;выйти;v;
573  ;выкинуть;v;
574  ;выключить;v;
575  ;выкрикнуть;v;
576  ;вылезать;v;
577  ;вылезти;v;
578  ;вылететь;v;
579  ;выложить;v;
580  ;вымыть;v;
581  ;вынести;v;
582  ;вынимать;v;
583  ;выносить;v;
584  ;вынудить;v;
585  ;вынужденный;a;
586  ;вынуть;v;
587  ;выпасть;v;
588  ;выпивать;v;
589  ;выписать;v;
590  ;выпить;v;
591  ;выполнить;v;
592  ;выполнять;v;
593  ;выпрямиться;v;
594  ;выпускать;v;
595  ;выпустить;v;
596  ;выражать;v;
597  ;выражаться;v;
598  ;выражение;s;
599  ;выразить;v;
600  ;выразиться;v;
601  ;вырасти;v;
602  ;вырвать;v;
603  ;вырваться;v;
604  ;вырезать;v;
605  ;выругаться;v;
606  ;высказать;v;
607  ;выскочить;v;
608  ;выслушать;v;
609  ;высокий;a;
610  ;высоко;adv;
611  ;высота;s;
612  ;выставить;v;
613  ;выставка;s;
614  ;выстрел;s;
615  ;выстрелить;v;
616  ;выступать;v;
617  ;выступить;v;
618  ;выступление;s;
619  ;высунуться;v;
620  ;высший;a;
621  ;вытаскивать;v;
622  ;вытащить;v;
623  ;вытереть;v;
624  ;вытирать;v;
625  ;выть;v;
626  ;вытянуть;v;
627  ;вытянуться;v;
628  ;выхватить;v;
629  ;выход;s;
630  ;выходить;v;
631  ;выяснить;v;
632  ;выясниться;v;
633  ;вяло;adv;
634  ;вялый;a;
635  ;гад;s;
636  ;гадать;v;
637  ;гадость;s;
638  ;газ;s;
639  ;газета;s;
640  ;газетный;a;
641  ;галстук;s;
642  ;гараж;s;
643  ;гвоздь;s;
644  ;где;advpro;
645  ;где-нибудь;advpro;
646  ;где-то;advpro;
647  ;генерал;s;
648  ;генеральный;a;
649  ;гениальный;a;
650  ;гений;s;
651  ;герой;s;
652  ;гибель;s;
653  ;гигантский;a;
654  ;гимнастерка;s;
655  ;гитара;s;
656  ;глава;s;
657  ;главное;adv;
658  ;главное;s;
659  ;главный;a;
660  ;гладить;v;
661  ;гладкий;a;
662  ;глаз;s;
663  ;глазок;s;
664  ;глина;s;
665  ;глотать;v;
666  ;глоток;s;
667  ;глубина;s;
668  ;глубокий;a;
669  ;глубоко;adv;
670  ;глупо;adv;
671  ;глупость;s;
672  ;глупый;a;
673  ;глухо;adv;
674  ;глухой;a;
675  ;глядеть;v;
676  ;глянуть;v;
677  ;гнать;v;
678  ;гнев;s;
679  ;гнездо;s;
680  ;говорить;v;
681  ;говориться;v;
682  ;говорят;adv;
683  ;год;s;
684  ;годиться;v;
685  ;голова;s;
686  ;головка;s;
687  ;головной;a;
688  ;голод;s;
689  ;голодный;a;
690  ;голос;s;
691  ;голубой;a;
692  ;голубь;s;
693  ;голый;a;
694  ;гонять;v;
695  ;гора;s;
696  ;гораздо;adv;
697  ;гордиться;v;
698  ;гордо;adv;
699  ;гордость;s;
700  ;гордый;a;
701  ;горе;s;
702  ;гореть;v;
703  ;горечь;s;
704  ;горизонт;s;
705  ;горка;s;
706  ;горло;s;
707  ;горный;a;
708  ;город;s;
709  ;городок;s;
710  ;городской;a;
711  ;горшок;s;
712  ;горький;a;
713  ;горько;adv;
714  ;горячий;a;
715  ;горячо;adv;
716  ;госпиталь;s;
717  ;господи;intj;
718  ;господин;s;
719  ;господь;s;
720  ;госпожа;s;
721  ;гостиная;s;
722  ;гостиница;s;
723  ;гость;s;
724  ;государственный;a;
725  ;государство;s;
726  ;государь;s;
727  ;готовить;v;
728  ;готовиться;v;
729  ;готовность;s;
730  ;готовый;a;
731  ;градус;s;
732  ;гражданин;s;
733  ;гражданский;a;
734  ;грамм;s;
735  ;граната;s;
736  ;граница;s;
737  ;грань;s;
738  ;граф;s;
739  ;греметь;v;
740  ;грех;s;
741  ;греческий;a;
742  ;гриб;s;
743  ;гроб;s;
744  ;гроза;s;
745  ;грозить;v;
746  ;грозный;a;
747  ;гром;s;
748  ;громадный;a;
749  ;громкий;a;
750  ;громко;adv;
751  ;грохот;s;
752  ;грубо;adv;
753  ;грубый;a;
754  ;грудь;s;
755  ;груз;s;
756  ;грузин;s;
757  ;грузовик;s;
758  ;группа;s;
759  ;грустно;adv;
760  ;грустный;a;
761  ;грусть;s;
762  ;грызть;v;
763  ;грязный;a;
764  ;грязь;s;
765  ;губа;s;
766  ;губернатор;s;
767  ;гудеть;v;
768  ;гудок;s;
769  ;гул;s;
770  ;гулять;v;
771  ;густо;adv;
772  ;густой;a;
773  ;гусь;s;
774  ;да;conj;
775  ;да;part;
776  ;дабы;conj;
777  ;давай;part;
778  ;давайте;part;
779  ;давать;v;
780  ;даваться;v;
781  ;давить;v;
782  ;давление;s;
783  ;давний;a;
784  ;давно;adv;
785  ;давным-давно;adv;
786  ;да-да;part;
787  ;даже;conj;
788  ;даже;part;
789  ;далее;adv;
790  ;далекий;a;
791  ;далеко;adv;
792  ;даль;s;
793  ;дальнейший;a;
794  ;дальний;a;
795  ;дама;s;
796  ;данные;s;
797  ;данный;apro;
798  ;дар;s;
799  ;дарить;v;
800  ;даром;adv;
801  ;дата;s;
802  ;дать;v;
803  ;дача;s;
804  ;два;num;
805  ;двадцатый;anum;
806  ;двадцать;num;
807  ;дважды;adv;
808  ;двенадцать;num;
809  ;дверной;a;
810  ;дверца;s;
811  ;дверь;s;
812  ;двести;num;
813  ;двигатель;s;
814  ;двигать;v;
815  ;двигаться;v;
816  ;движение;s;
817  ;двинуться;v;
818  ;двое;num;
819  ;двойной;a;
820  ;двор;s;
821  ;дворец;s;
822  ;девица;s;
823  ;девичий;a;
824  ;девка;s;
825  ;девочка;s;
826  ;девушка;s;
827  ;девчонка;s;
828  ;девяносто;num;
829  ;девятый;anum;
830  ;девять;num;
831  ;дед;s;
832  ;дедушка;s;
833  ;дежурный;a;
834  ;дежурный;s;
835  ;действие;s;
836  ;действительно;adv;
837  ;действительность;s;
838  ;действовать;v;
839  ;декабрь;s;
840  ;делать;v;
841  ;делаться;v;
842  ;делить;v;
843  ;делиться;v;
844  ;дело;s;
845  ;деловито;adv;
846  ;деловой;a;
847  ;демонстрировать;v;
848  ;день;s;
849  ;деньги;s;
850  ;депутат;s;
851  ;дергать;v;
852  ;дергаться;v;
853  ;деревенский;a;
854  ;деревня;s;
855  ;дерево;s;
856  ;деревянный;a;
857  ;держать;v;
858  ;держаться;v;
859  ;дернуть;v;
860  ;дернуться;v;
861  ;дерьмо;s;
862  ;дескать;adv;
863  ;десяток;s;
864  ;десятый;anum;
865  ;десять;num;
866  ;деталь;s;
867  ;детский;a;
868  ;детство;s;
869  ;деться;v;
870  ;дешевый;a;
871  ;деятельность;s;
872  ;джинсы;s;
873  ;джип;s;
874  ;диван;s;
875  ;дивизия;s;
876  ;дикий;a;
877  ;директор;s;
878  ;диссертация;s;
879  ;дитя;s;
880  ;длина;s;
881  ;длинный;a;
882  ;длиться;v;
883  ;для;pr;
884  ;дневник;s;
885  ;дневной;a;
886  ;дно;s;
887  ;до;pr;
888  ;добавить;v;
889  ;добиваться;v;
890  ;добиться;v;
891  ;добраться;v;
892  ;добро;s;
893  ;доброта;s;
894  ;добрый;a;
895  ;добыть;v;
896  ;добыча;s;
897  ;доверие;s;
898  ;доверять;v;
899  ;довести;v;
900  ;довольно;adv;
901  ;довольный;a;
902  ;догадаться;v;
903  ;догадка;s;
904  ;догадываться;v;
905  ;догнать;v;
906  ;договор;s;
907  ;договориться;v;
908  ;доехать;v;
909  ;дождаться;v;
910  ;дождь;s;
911  ;дожидаться;v;
912  ;дожить;v;
913  ;дойти;v;
914  ;доказательство;s;
915  ;доказать;v;
916  ;доказывать;v;
917  ;доклад;s;
918  ;докладывать;v;
919  ;доктор;s;
920  ;документ;s;
921  ;долг;s;
922  ;долгий;a;
923  ;долго;adv;
924  ;должен;a;
925  ;должно;adv;
926  ;должность;s;
927  ;долина;s;
928  ;доллар;s;
929  ;доложить;v;
930  ;доля;s;
931  ;дом;s;
932  ;дома;adv;
933  ;домашний;a;
934  ;домик;s;
935  ;домой;adv;
936  ;дон;s;
937  ;донести;v;
938  ;донестись;v;
939  ;доноситься;v;
940  ;дополнительный;a;
941  ;допрос;s;
942  ;допускать;v;
943  ;допустить;v;
944  ;дорога;s;
945  ;дорогой;a;
946  ;дорожка;s;
947  ;дорожный;a;
948  ;досада;s;
949  ;доска;s;
950  ;доставать;v;
951  ;доставить;v;
952  ;достаточно;adv;
953  ;достать;v;
954  ;достаться;v;
955  ;достигнуть;v;
956  ;достоинство;s;
957  ;достойный;a;
958  ;доходить;v;
959  ;дочка;s;
960  ;дочь;s;
961  ;драгоценный;a;
962  ;драка;s;
963  ;дракон;s;
964  ;драться;v;
965  ;древний;a;
966  ;дремать;v;
967  ;дрова;s;
968  ;дрогнуть;v;
969  ;дрожать;v;
970  ;дрожь;s;
971  ;друг;s;
972  ;другой;apro;
973  ;дружба;s;
974  ;дружить;v;
975  ;дружка;s;
976  ;дружно;adv;
977  ;дружок;s;
978  ;дрянь;s;
979  ;дуб;s;
980  ;дума;s;
981  ;думать;v;
982  ;дура;s;
983  ;дурак;s;
984  ;дурацкий;a;
985  ;дурной;a;
986  ;дуть;v;
987  ;дух;s;
988  ;духи;s;
989  ;духовный;a;
990  ;душ;s;
991  ;душа;s;
992  ;душевный;a;
993  ;дым;s;
994  ;дымиться;v;
995  ;дыра;s;
996  ;дырка;s;
997  ;дыхание;s;
998  ;дышать;v;
999  ;дьявол;s;
1000  ;дядька;s;
1001  ;дядя;s;
1002  ;еврей;s;
1003  ;еврейский;a;
1004  ;европейский;a;
1005  ;его;apro;
1006  ;еда;s;
1007  ;едва;adv;
1008  ;едва;conj;
1009  ;единственный;a;
1010  ;единый;a;
1011  ;ее;apro;
1012  ;ежели;conj;
1013  ;ежик;s;
1014  ;ездить;v;
1015  ;ей-богу;intj;
1016  ;еле;adv;
1017  ;елка;s;
1018  ;ерунда;s;
1019  ;если;conj;
1020  ;естественно;adv;
1021  ;естественный;a;
1022  ;есть;v;
1023  ;ехать;v;
1024  ;еще;adv;
1025  ;еще;part;
1026  ;ж;part;
1027  ;жадно;adv;
1028  ;жадный;a;
1029  ;жажда;s;
1030  ;жаждать;v;
1031  ;жалеть;v;
1032  ;жалкий;a;
1033  ;жалко;adv;
1034  ;жалобно;adv;
1035  ;жаловаться;v;
1036  ;жалость;s;
1037  ;жаль;adv;
1038  ;жар;s;
1039  ;жара;s;
1040  ;жареный;a;
1041  ;жаркий;a;
1042  ;жарко;adv;
1043  ;ждать;v;
1044  ;же;conj;
1045  ;же;part;
1046  ;жевать;v;
1047  ;желание;s;
1048  ;желать;v;
1049  ;железнодорожный;a;
1050  ;железный;a;
1051  ;железо;s;
1052  ;желтый;a;
1053  ;желудок;s;
1054  ;жена;s;
1055  ;женатый;a;
1056  ;жениться;v;
1057  ;жених;s;
1058  ;женский;a;
1059  ;женщина;s;
1060  ;жертва;s;
1061  ;жест;s;
1062  ;жесткий;a;
1063  ;жестко;adv;
1064  ;жестокий;a;
1065  ;жечь;v;
1066  ;живо;adv;
1067  ;живой;a;
1068  ;живот;s;
1069  ;животное;s;
1070  ;жидкий;a;
1071  ;жидкость;s;
1072  ;жизненный;a;
1073  ;жизнь;s;
1074  ;жилец;s;
1075  ;жилье;s;
1076  ;жирный;a;
1077  ;житель;s;
1078  ;жить;v;
1079  ;жопа;s;
1080  ;жрать;v;
1081  ;жук;s;
1082  ;журнал;s;
1083  ;журналист;s;
1084  ;жуткий;a;
1085  ;за;pr;
1086  ;забавный;a;
1087  ;забегать;v;
1088  ;забирать;v;
1089  ;забить;v;
1090  ;заболеть;v;
1091  ;забор;s;
1092  ;забота;s;
1093  ;заботиться;v;
1094  ;забрать;v;
1095  ;забраться;v;
1096  ;забросить;v;
1097  ;забывать;v;
1098  ;забыть;v;
1099  ;завалить;v;
1100  ;заведение;s;
1101  ;заверить;v;
1102  ;завернуть;v;
1103  ;завести;v;
1104  ;завидовать;v;
1105  ;зависеть;v;
1106  ;зависимость;s;
1107  ;зависть;s;
1108  ;завод;s;
1109  ;заводить;v;
1110  ;завопить;v;
1111  ;завтра;adv;
1112  ;завтрак;s;
1113  ;завтрашний;a;
1114  ;завязать;v;
1115  ;загадка;s;
1116  ;загадочный;a;
1117  ;заглядывать;v;
1118  ;заглянуть;v;
1119  ;загнать;v;
1120  ;заговорить;v;
1121  ;загореться;v;
1122  ;зад;s;
1123  ;задавать;v;
1124  ;задание;s;
1125  ;задать;v;
1126  ;задача;s;
1127  ;задержать;v;
1128  ;задержаться;v;
1129  ;задеть;v;
1130  ;задний;a;
1131  ;задница;s;
1132  ;задрать;v;
1133  ;задумать;v;
1134  ;задуматься;v;
1135  ;задумчиво;adv;
1136  ;задумываться;v;
1137  ;задыхаться;v;
1138  ;заехать;v;
1139  ;зажать;v;
1140  ;зажечь;v;
1141  ;зажигалка;s;
1142  ;зажмуриться;v;
1143  ;зайти;v;
1144  ;заказ;s;
1145  ;заказать;v;
1146  ;заканчивать;v;
1147  ;закат;s;
1148  ;закинуть;v;
1149  ;заклинание;s;
1150  ;заключаться;v;
1151  ;заключение;s;
1152  ;заключенный;s;
1153  ;заключить;v;
1154  ;закон;s;
1155  ;законный;a;
1156  ;закончить;v;
1157  ;закончиться;v;
1158  ;закричать;v;
1159  ;закрывать;v;
1160  ;закрытый;a;
1161  ;закрыть;v;
1162  ;закрыться;v;
1163  ;закурить;v;
1164  ;закусить;v;
1165  ;закуска;s;
1166  ;зал;s;
1167  ;залезть;v;
1168  ;залить;v;
1169  ;заложить;v;
1170  ;заменить;v;
1171  ;замереть;v;
1172  ;замерзнуть;v;
1173  ;заместитель;s;
1174  ;заметить;v;
1175  ;заметно;adv;
1176  ;заметный;a;
1177  ;замечание;s;
1178  ;замечательный;a;
1179  ;замечать;v;
1180  ;замирать;v;
1181  ;замок;s;
1182  ;замолчать;v;
1183  ;замуж;adv;
1184  ;замысел;s;
1185  ;занавеска;s;
1186  ;занести;v;
1187  ;занимать;v;
1188  ;заниматься;v;
1189  ;заново;adv;
1190  ;занятие;s;
1191  ;занятый;a;
1192  ;занять;v;
1193  ;заняться;v;
1194  ;заодно;adv;
1195  ;заорать;v;
1196  ;запад;s;
1197  ;западный;a;
1198  ;запас;s;
1199  ;запах;s;
1200  ;запереть;v;
1201  ;запеть;v;
1202  ;записать;v;
1203  ;записка;s;
1204  ;записывать;v;
1205  ;запись;s;
1206  ;заплакать;v;
1207  ;заплатить;v;
1208  ;заполнить;v;
1209  ;запомнить;v;
1210  ;запретить;v;
1211  ;запросто;adv;
1212  ;запустить;v;
1213  ;зарабатывать;v;
1214  ;заработать;v;
1215  ;заранее;adv;
1216  ;зарасти;v;
1217  ;заросль;s;
1218  ;зарплата;s;
1219  ;заря;s;
1220  ;заседание;s;
1221  ;заслужить;v;
1222  ;засмеяться;v;
1223  ;заснуть;v;
1224  ;заставить;v;
1225  ;заставлять;v;
1226  ;застать;v;
1227  ;застрять;v;
1228  ;застынуть;v;
1229  ;засунуть;v;
1230  ;засыпать;v;
1231  ;затем;adv;
1232  ;затихнуть;v;
1233  ;зато;conj;
1234  ;затылок;s;
1235  ;затянуть;v;
1236  ;затянуться;v;
1237  ;захватить;v;
1238  ;захлопнуть;v;
1239  ;заходить;v;
1240  ;захотеть;v;
1241  ;захотеться;v;
1242  ;захохотать;v;
1243  ;зачем;advpro;
1244  ;зачем-то;advpro;
1245  ;зашагать;v;
1246  ;защита;s;
1247  ;защитить;v;
1248  ;защищать;v;
1249  ;заявить;v;
1250  ;заявление;s;
1251  ;заяц;s;
1252  ;звание;s;
1253  ;звать;v;
1254  ;звезда;s;
1255  ;звездный;a;
1256  ;звездочка;s;
1257  ;звенеть;v;
1258  ;зверь;s;
1259  ;звон;s;
1260  ;звонить;v;
1261  ;звонкий;a;
1262  ;звонок;s;
1263  ;звук;s;
1264  ;звучать;v;
1265  ;здание;s;
1266  ;здесь;advpro;
1267  ;здешний;a;
1268  ;здороваться;v;
1269  ;здоровенный;a;
1270  ;здорово;adv;
1271  ;здоровый;a;
1272  ;здоровье;s;
1273  ;здравствовать;v;
1274  ;зеленый;a;
1275  ;зелень;s;
1276  ;земля;s;
1277  ;земной;a;
1278  ;зеркало;s;
1279  ;зерно;s;
1280  ;зима;s;
1281  ;зимний;a;
1282  ;злиться;v;
1283  ;зло;adv;
1284  ;зло;s;
1285  ;злоба;s;
1286  ;злой;a;
1287  ;злость;s;
1288  ;змей;s;
1289  ;змея;s;
1290  ;знак;s;
1291  ;знакомство;s;
1292  ;знакомый;a;
1293  ;знакомый;s;
1294  ;знаменитый;a;
1295  ;знамя;s;
1296  ;знание;s;
1297  ;знать;v;
1298  ;значение;s;
1299  ;значит;adv;
1300  ;значительно;adv;
1301  ;значительный;a;
1302  ;значить;v;
1303  ;золото;s;
1304  ;золотой;a;
1305  ;зона;s;
1306  ;зрачок;s;
1307  ;зрелище;s;
1308  ;зрение;s;
1309  ;зритель;s;
1310  ;зря;adv;
1311  ;зуб;s;
1312  ;и;conj;
1313  ;ибо;conj;
1314  ;игла;s;
1315  ;игра;s;
1316  ;играть;v;
1317  ;игрушка;s;
1318  ;идея;s;
1319  ;идиот;s;
1320  ;идти;v;
1321  ;из;pr;
1322  ;изба;s;
1323  ;избавиться;v;
1324  ;избегать;v;
1325  ;известно;adv;
1326  ;известный;a;
1327  ;извинить;v;
1328  ;извиниться;v;
1329  ;извиняться;v;
1330  ;извлечь;v;
1331  ;изволить;v;
1332  ;издалека;adv;
1333  ;издали;adv;
1334  ;издательство;s;
1335  ;издать;v;
1336  ;издеваться;v;
1337  ;из-за;pr;
1338  ;изменение;s;
1339  ;изменить;v;
1340  ;измениться;v;
1341  ;изнутри;adv;
1342  ;изо;pr;
1343  ;изображать;v;
1344  ;изображение;s;
1345  ;изобразить;v;
1346  ;из-под;pr;
1347  ;изредка;adv;
1348  ;изумиться;v;
1349  ;изумление;s;
1350  ;изучать;v;
1351  ;изучить;v;
1352  ;изящный;a;
1353  ;икона;s;
1354  ;икра;s;
1355  ;или;conj;
1356  ;именно;part;
1357  ;иметь;v;
1358  ;иметься;v;
1359  ;император;s;
1360  ;империя;s;
1361  ;имущество;s;
1362  ;имя;s;
1363  ;иначе;advpro;
1364  ;иначе;conj;
1365  ;инвалид;s;
1366  ;инженер;s;
1367  ;иногда;adv;
1368  ;иной;apro;
1369  ;иностранец;s;
1370  ;иностранный;a;
1371  ;инспектор;s;
1372  ;инстинкт;s;
1373  ;институт;s;
1374  ;инструмент;s;
1375  ;интеллигентный;a;
1376  ;интерес;s;
1377  ;интересно;adv;
1378  ;интересный;a;
1379  ;интересовать;v;
1380  ;интересоваться;v;
1381  ;интонация;s;
1382  ;информация;s;
1383  ;искать;v;
1384  ;исключение;s;
1385  ;исключить;v;
1386  ;искра;s;
1387  ;искренне;adv;
1388  ;искренний;a;
1389  ;искусственный;a;
1390  ;искусство;s;
1391  ;исполнение;s;
1392  ;исполнить;v;
1393  ;исполнять;v;
1394  ;использовать;v;
1395  ;испортить;v;
1396  ;испуг;s;
1397  ;испуганно;adv;
1398  ;испуганный;a;
1399  ;испугаться;v;
1400  ;испытание;s;
1401  ;испытать;v;
1402  ;испытывать;v;
1403  ;истерика;s;
1404  ;ИСТИНА;s;
1405  ;истинный;a;
1406  ;исторический;a;
1407  ;история;s;
1408  ;источник;s;
1409  ;исход;s;
1410  ;исходить;v;
1411  ;исчезать;v;
1412  ;исчезнуть;v;
1413  ;итак;conj;
1414  ;итог;s;
1415  ;их;apro;
1416  ;ихний;apro;
1417  ;июль;s;
1418  ;июнь;s;
1419  ;к;pr;
1420  ;кабина;s;
1421  ;кабинет;s;
1422  ;каблук;s;
1423  ;кадр;s;
1424  ;каждый;apro;
1425  ;кажется;adv;
1426  ;казак;s;
1427  ;казарма;s;
1428  ;казаться;v;
1429  ;казенный;a;
1430  ;казнь;s;
1431  ;как;advpro;
1432  ;как;conj;
1433  ;как-нибудь;advpro;
1434  ;каков;apro;
1435  ;какой;apro;
1436  ;какой-либо;apro;
1437  ;какой-нибудь;apro;
1438  ;какой-то;apro;
1439  ;как-то;advpro;
1440  ;калитка;s;
1441  ;каменный;a;
1442  ;камень;s;
1443  ;камера;s;
1444  ;канал;s;
1445  ;кандидат;s;
1446  ;капитан;s;
1447  ;капля;s;
1448  ;капуста;s;
1449  ;карандаш;s;
1450  ;карман;s;
1451  ;карта;s;
1452  ;картина;s;
1453  ;картинка;s;
1454  ;карточка;s;
1455  ;картошка;s;
1456  ;карьера;s;
1457  ;касаться;v;
1458  ;касса;s;
1459  ;кассета;s;
1460  ;кастрюля;s;
1461  ;катастрофа;s;
1462  ;кататься;v;
1463  ;катер;s;
1464  ;катиться;v;
1465  ;кафе;s;
1466  ;кафедра;s;
1467  ;качать;v;
1468  ;качаться;v;
1469  ;качество;s;
1470  ;каша;s;
1471  ;каюта;s;
1472  ;квадратный;a;
1473  ;квартал;s;
1474  ;квартира;s;
1475  ;кепка;s;
1476  ;кивать;v;
1477  ;кивнуть;v;
1478  ;кидать;v;
1479  ;килограмм;s;
1480  ;километр;s;
1481  ;кино;s;
1482  ;кинуть;v;
1483  ;кинуться;v;
1484  ;киоск;s;
1485  ;кипеть;v;
1486  ;кирпич;s;
1487  ;кирпичный;a;
1488  ;кисть;s;
1489  ;китаец;s;
1490  ;китайский;a;
1491  ;кладбище;s;
1492  ;класс;s;
1493  ;классный;a;
1494  ;класть;v;
1495  ;клетка;s;
1496  ;клиент;s;
1497  ;кличка;s;
1498  ;клок;s;
1499  ;клуб;s;
1500  ;ключ;s;
1501  ;клясться;v;
1502  ;клятва;s;
1503  ;книга;s;
1504  ;книжка;s;
1505  ;книжный;a;
1506  ;кнопка;s;
1507  ;князь;s;
1508  ;ко;pr;
1509  ;ковер;s;
1510  ;когда;advpro;
1511  ;когда;conj;
1512  ;когда-нибудь;advpro;
1513  ;когда-то;advpro;
1514  ;кое-где;advpro;
1515  ;кое-как;advpro;
1516  ;кое-какой;apro;
1517  ;кое-кто;spro;
1518  ;кое-что;spro;
1519  ;кожа;s;
1520  ;кожаный;a;
1521  ;коза;s;
1522  ;козел;s;
1523  ;кой;apro;
1524  ;койка;s;
1525  ;колбаса;s;
1526  ;колебаться;v;
1527  ;коленка;s;
1528  ;колено;s;
1529  ;колесо;s;
1530  ;коли;conj;
1531  ;количество;s;
1532  ;коллега;s;
1533  ;коллектив;s;
1534  ;колодец;s;
1535  ;колонна;s;
1536  ;колхоз;s;
1537  ;кольцо;s;
1538  ;колючий;a;
1539  ;коляска;s;
1540  ;ком;s;
1541  ;команда;s;
1542  ;командир;s;
1543  ;командировка;s;
1544  ;командовать;v;
1545  ;командующий;s;
1546  ;комар;s;
1547  ;комендант;s;
1548  ;комиссар;s;
1549  ;комиссия;s;
1550  ;комитет;s;
1551  ;коммунизм;s;
1552  ;коммунист;s;
1553  ;комната;s;
1554  ;компания;s;
1555  ;комплекс;s;
1556  ;компьютер;s;
1557  ;комсомольский;a;
1558  ;конверт;s;
1559  ;конец;s;
1560  ;конечно;adv;
1561  ;конечно;part;
1562  ;конкретный;a;
1563  ;контакт;s;
1564  ;контора;s;
1565  ;контроль;s;
1566  ;конунг;s;
1567  ;конфета;s;
1568  ;концерт;s;
1569  ;кончать;v;
1570  ;кончаться;v;
1571  ;кончик;s;
1572  ;кончить;v;
1573  ;кончиться;v;
1574  ;конь;s;
1575  ;коньяк;s;
1576  ;копать;v;
1577  ;копейка;s;
1578  ;копия;s;
1579  ;копыто;s;
1580  ;копье;s;
1581  ;корабль;s;
1582  ;корень;s;
1583  ;корзина;s;
1584  ;коридор;s;
1585  ;коричневый;a;
1586  ;кормить;v;
1587  ;коробка;s;
1588  ;корова;s;
1589  ;королева;s;
1590  ;король;s;
1591  ;короткий;a;
1592  ;коротко;adv;
1593  ;корпус;s;
1594  ;корреспондент;s;
1595  ;корточки;s;
1596  ;коса;s;
1597  ;косить;v;
1598  ;космический;a;
1599  ;космос;s;
1600  ;коснуться;v;
1601  ;косой;a;
1602  ;костер;s;
1603  ;кость;s;
1604  ;костюм;s;
1605  ;косяк;s;
1606  ;кот;s;
1607  ;котел;s;
1608  ;котелок;s;
1609  ;котенок;s;
1610  ;который;apro;
1611  ;кофе;s;
1612  ;кошка;s;
1613  ;кошмар;s;
1614  ;край;s;
1615  ;крайне;adv;
1616  ;крайний;a;
1617  ;кран;s;
1618  ;красавец;s;
1619  ;красавица;s;
1620  ;красиво;adv;
1621  ;красивый;a;
1622  ;краска;s;
1623  ;краснеть;v;
1624  ;красный;a;
1625  ;красота;s;
1626  ;краткий;a;
1627  ;крепкий;a;
1628  ;крепко;adv;
1629  ;крепость;s;
1630  ;кресло;s;
1631  ;крест;s;
1632  ;крестьянин;s;
1633  ;кривой;a;
1634  ;крик;s;
1635  ;крикнуть;v;
1636  ;кричать;v;
1637  ;кровавый;a;
1638  ;кровать;s;
1639  ;кровь;s;
1640  ;кроме;pr;
1641  ;крохотный;a;
1642  ;крошечный;a;
1643  ;крошка;s;
1644  ;круг;s;
1645  ;круглый;a;
1646  ;кругом;adv;
1647  ;кружить;v;
1648  ;кружиться;v;
1649  ;кружка;s;
1650  ;кружок;s;
1651  ;крупный;a;
1652  ;крутить;v;
1653  ;крутиться;v;
1654  ;круто;adv;
1655  ;крутой;a;
1656  ;крыло;s;
1657  ;крыльцо;s;
1658  ;крыса;s;
1659  ;крыша;s;
1660  ;крышка;s;
1661  ;крючок;s;
1662  ;кстати;adv;
1663  ;кто;spro;
1664  ;кто-нибудь;spro;
1665  ;кто-то;spro;
1666  ;куда;advpro;
1667  ;куда-нибудь;advpro;
1668  ;куда-то;advpro;
1669  ;кузов;s;
1670  ;кукла;s;
1671  ;кулак;s;
1672  ;культура;s;
1673  ;культурный;a;
1674  ;купаться;v;
1675  ;купе;s;
1676  ;купить;v;
1677  ;купол;s;
1678  ;курить;v;
1679  ;курица;s;
1680  ;курс;s;
1681  ;курсант;s;
1682  ;куртка;s;
1683  ;кусок;s;
1684  ;кусочек;s;
1685  ;куст;s;
1686  ;кухня;s;
1687  ;кухонный;a;
1688  ;куча;s;
1689  ;кушать;v;
1690  ;лаборатория;s;
1691  ;лавка;s;
1692  ;лавочка;s;
1693  ;лагерный;a;
1694  ;лагерь;s;
1695  ;ладно;adv;
1696  ;ладно;part;
1697  ;ладонь;s;
1698  ;ладошка;s;
1699  ;лампа;s;
1700  ;лампочка;s;
1701  ;лапа;s;
1702  ;лапка;s;
1703  ;ласка;s;
1704  ;ласково;adv;
1705  ;ласковый;a;
1706  ;лев;s;
1707  ;левый;a;
1708  ;легенда;s;
1709  ;легкий;a;
1710  ;легко;adv;
1711  ;легкое;s;
1712  ;легкость;s;
1713  ;лед;s;
1714  ;ледяной;a;
1715  ;лежать;v;
1716  ;лезвие;s;
1717  ;лезть;v;
1718  ;лейтенант;s;
1719  ;лекарство;s;
1720  ;лекция;s;
1721  ;лениво;adv;
1722  ;ленивый;a;
1723  ;лента;s;
1724  ;лес;s;
1725  ;лесной;a;
1726  ;лестница;s;
1727  ;лестничный;a;
1728  ;летать;v;
1729  ;лететь;v;
1730  ;летний;a;
1731  ;лето;s;
1732  ;летчик;s;
1733  ;лечить;v;
1734  ;лечь;v;
1735  ;ли;conj;
1736  ;ли;part;
1737  ;либо;conj;
1738  ;линия;s;
1739  ;липкий;a;
1740  ;лист;s;
1741  ;листва;s;
1742  ;листок;s;
1743  ;литература;s;
1744  ;литературный;a;
1745  ;литься;v;
1746  ;лифт;s;
1747  ;лицо;s;
1748  ;лично;adv;
1749  ;личность;s;
1750  ;личный;a;
1751  ;лишить;v;
1752  ;лишний;a;
1753  ;лишь;part;
1754  ;лоб;s;
1755  ;ловить;v;
1756  ;ловко;adv;
1757  ;логика;s;
1758  ;лодка;s;
1759  ;ложиться;v;
1760  ;ложка;s;
1761  ;ЛОЖЬ;s;
1762  ;локоть;s;
1763  ;ломать;v;
1764  ;лопата;s;
1765  ;лопатка;s;
1766  ;лопнуть;v;
1767  ;лохматый;a;
1768  ;лошадь;s;
1769  ;луг;s;
1770  ;лужа;s;
1771  ;лук;s;
1772  ;луна;s;
1773  ;лунный;a;
1774  ;луч;s;
1775  ;лучше;part;
1776  ;лучший;a;
1777  ;лыжа;s;
1778  ;лысый;a;
1779  ;любезный;a;
1780  ;любимый;a;
1781  ;любитель;s;
1782  ;любить;v;
1783  ;любоваться;v;
1784  ;любовник;s;
1785  ;любовница;s;
1786  ;любовный;a;
1787  ;любовь;s;
1788  ;любой;apro;
1789  ;любопытный;a;
1790  ;любопытство;s;
1791  ;людской;a;
1792  ;люк;s;
1793  ;люсин;a;
1794  ;маг;s;
1795  ;магазин;s;
1796  ;магический;a;
1797  ;магнитофон;s;
1798  ;мадам;s;
1799  ;май;s;
1800  ;майка;s;
1801  ;майор;s;
1802  ;малейший;a;
1803  ;маленький;a;
1804  ;мало;adv;
1805  ;мало;num;
1806  ;малый;a;
1807  ;малыш;s;
1808  ;мальчик;s;
1809  ;мальчишка;s;
1810  ;мама;s;
1811  ;мамаша;s;
1812  ;мамин;a;
1813  ;мамочка;s;
1814  ;манера;s;
1815  ;марка;s;
1816  ;март;s;
1817  ;марш;s;
1818  ;маршрут;s;
1819  ;маска;s;
1820  ;масло;s;
1821  ;масса;s;
1822  ;мастер;s;
1823  ;мастерская;s;
1824  ;мат;s;
1825  ;материал;s;
1826  ;материальный;a;
1827  ;материя;s;
1828  ;матрос;s;
1829  ;матушка;s;
1830  ;мать;s;
1831  ;махать;v;
1832  ;махнуть;v;
1833  ;машина;s;
1834  ;машинально;adv;
1835  ;машинка;s;
1836  ;мгновение;s;
1837  ;мгновенно;adv;
1838  ;мебель;s;
1839  ;мед;s;
1840  ;медаль;s;
1841  ;медведь;s;
1842  ;медицинский;a;
1843  ;медленно;adv;
1844  ;медленный;a;
1845  ;медный;a;
1846  ;медсестра;s;
1847  ;меж;pr;
1848  ;между;pr;
1849  ;международный;a;
1850  ;мелкий;a;
1851  ;мелодия;s;
1852  ;мелочь;s;
1853  ;мелькать;v;
1854  ;мелькнуть;v;
1855  ;менее;adv;
1856  ;мент;s;
1857  ;меньше;num;
1858  ;меньший;a;
1859  ;менять;v;
1860  ;меняться;v;
1861  ;мера;s;
1862  ;мероприятие;s;
1863  ;мерседес;s;
1864  ;мертвый;a;
1865  ;мертвый;s;
1866  ;мерцать;v;
1867  ;местечко;s;
1868  ;местный;a;
1869  ;место;s;
1870  ;месяц;s;
1871  ;металл;s;
1872  ;металлический;a;
1873  ;метаться;v;
1874  ;метнуться;v;
1875  ;метод;s;
1876  ;метр;s;
1877  ;метро;s;
1878  ;механизм;s;
1879  ;меч;s;
1880  ;мечта;s;
1881  ;мечтать;v;
1882  ;мешать;v;
1883  ;мешок;s;
1884  ;миг;s;
1885  ;микрофон;s;
1886  ;милицейский;a;
1887  ;милиционер;s;
1888  ;милиция;s;
1889  ;миллион;s;
1890  ;милость;s;
1891  ;милый;a;
1892  ;мимо;adv;
1893  ;мимо;pr;
1894  ;мина;s;
1895  ;минимум;s;
1896  ;министерство;s;
1897  ;министр;s;
1898  ;миновать;v;
1899  ;минута;s;
1900  ;мир;s;
1901  ;мирно;adv;
1902  ;мирный;a;
1903  ;мировой;a;
1904  ;миска;s;
1905  ;мистер;s;
1906  ;младенец;s;
1907  ;младший;a;
1908  ;мнение;s;
1909  ;многие;spro;
1910  ;многий;apro;
1911  ;много;adv;
1912  ;много;num;
1913  ;многое;spro;
1914  ;многочисленный;a;
1915  ;множество;s;
1916  ;могила;s;
1917  ;могучий;a;
1918  ;мода;s;
1919  ;модель;s;
1920  ;модный;a;
1921  ;может;adv;
1922  ;можно;adv;
1923  ;мозг;s;
1924  ;мой;apro;
1925  ;мокрый;a;
1926  ;мол;part;
1927  ;молитва;s;
1928  ;молиться;v;
1929  ;молния;s;
1930  ;молодежь;s;
1931  ;молоденький;a;
1932  ;молодец;s;
1933  ;молодой;a;
1934  ;молодость;s;
1935  ;молоко;s;
1936  ;молоток;s;
1937  ;молча;adv;
1938  ;молчаливый;a;
1939  ;молчание;s;
1940  ;молчать;v;
1941  ;момент;s;
1942  ;моментально;adv;
1943  ;монастырь;s;
1944  ;монах;s;
1945  ;монета;s;
1946  ;моральный;a;
1947  ;морда;s;
1948  ;море;s;
1949  ;мороженое;s;
1950  ;мороз;s;
1951  ;морской;a;
1952  ;морщина;s;
1953  ;морщиться;v;
1954  ;моряк;s;
1955  ;москвич;s;
1956  ;московский;a;
1957  ;мост;s;
1958  ;мостовая;s;
1959  ;мотив;s;
1960  ;мотор;s;
1961  ;мотоцикл;s;
1962  ;мочь;v;
1963  ;мощный;a;
1964  ;мрак;s;
1965  ;мраморный;a;
1966  ;мрачно;adv;
1967  ;мрачный;a;
1968  ;мудрость;s;
1969  ;мудрый;a;
1970  ;муж;s;
1971  ;мужик;s;
1972  ;мужской;a;
1973  ;мужчина;s;
1974  ;музей;s;
1975  ;музыка;s;
1976  ;музыкальный;a;
1977  ;музыкант;s;
1978  ;мука;s;
1979  ;мундир;s;
1980  ;муравей;s;
1981  ;мусор;s;
1982  ;мутный;a;
1983  ;муха;s;
1984  ;мучительно;adv;
1985  ;мучительный;a;
1986  ;мучить;v;
1987  ;мучиться;v;
1988  ;мчаться;v;
1989  ;мы;spro;
1990  ;мыло;s;
1991  ;мысленно;adv;
1992  ;мыслить;v;
1993  ;мысль;s;
1994  ;мыть;v;
1995  ;мышка;s;
1996  ;мышца;s;
1997  ;мышь;s;
1998  ;мэр;s;
1999  ;мягкий;a;
2000  ;мягко;adv;
2001  ;мясо;s;
2002  ;мяч;s;
2003  ;на;pr;
2004  ;набережная;s;
2005  ;набирать;v;
2006  ;набить;v;
2007  ;наблюдать;v;
2008  ;наблюдение;s;
2009  ;набор;s;
2010  ;набрать;v;
2011  ;навалиться;v;
2012  ;наверно;adv;
2013  ;наверное;adv;
2014  ;наверняка;adv;
2015  ;наверх;adv;
2016  ;наверху;adv;
2017  ;навести;v;
2018  ;навестить;v;
2019  ;навсегда;advpro;
2020  ;навстречу;adv;
2021  ;наглый;a;
2022  ;нагнуться;v;
2023  ;награда;s;
2024  ;над;pr;
2025  ;надевать;v;
2026  ;надежда;s;
2027  ;надежный;a;
2028  ;надеть;v;
2029  ;надеяться;v;
2030  ;надо;adv;
2031  ;надо;pr;
2032  ;надоесть;v;
2033  ;надолго;adv;
2034  ;надпись;s;
2035  ;нажать;v;
2036  ;назад;adv;
2037  ;название;s;
2038  ;назвать;v;
2039  ;назначение;s;
2040  ;назначить;v;
2041  ;называть;v;
2042  ;называться;v;
2043  ;наиболее;adv;
2044  ;наивный;a;
2045  ;найти;v;
2046  ;найтись;v;
2047  ;наказание;s;
2048  ;наказать;v;
2049  ;накинуть;v;
2050  ;наклониться;v;
2051  ;наконец;adv;
2052  ;накрыть;v;
2053  ;налево;adv;
2054  ;наливать;v;
2055  ;налить;v;
2056  ;намек;s;
2057  ;намекать;v;
2058  ;намерение;s;
2059  ;нанести;v;
2060  ;наоборот;adv;
2061  ;напасть;v;
2062  ;напечатать;v;
2063  ;написать;v;
2064  ;напиток;s;
2065  ;напиться;v;
2066  ;наплевать;v;
2067  ;наполнить;v;
2068  ;наполовину;adv;
2069  ;напоминать;v;
2070  ;напомнить;v;
2071  ;направить;v;
2072  ;направиться;v;
2073  ;направление;s;
2074  ;направляться;v;
2075  ;направо;adv;
2076  ;напрасно;adv;
2077  ;например;adv;
2078  ;напротив;adv;
2079  ;напротив;pr;
2080  ;напряжение;s;
2081  ;напряженно;adv;
2082  ;напряженный;a;
2083  ;напрячься;v;
2084  ;напугать;v;
2085  ;нарастать;v;
2086  ;нарисовать;v;
2087  ;наркотик;s;
2088  ;народ;s;
2089  ;народный;a;
2090  ;нарочно;adv;
2091  ;наружу;adv;
2092  ;нарушать;v;
2093  ;нарушить;v;
2094  ;нары;s;
2095  ;наряд;s;
2096  ;население;s;
2097  ;насквозь;adv;
2098  ;насколько;adv;
2099  ;наслаждаться;v;
2100  ;наслаждение;s;
2101  ;насмешливо;adv;
2102  ;настаивать;v;
2103  ;настать;v;
2104  ;настойчиво;adv;
2105  ;настолько;adv;
2106  ;насторожиться;v;
2107  ;настоящий;a;
2108  ;настроение;s;
2109  ;наступать;v;
2110  ;наступить;v;
2111  ;наступление;s;
2112  ;насчет;pr;
2113  ;наткнуться;v;
2114  ;натура;s;
2115  ;натянуть;v;
2116  ;наука;s;
2117  ;научить;v;
2118  ;научиться;v;
2119  ;научный;a;
2120  ;нахмуриться;v;
2121  ;находить;v;
2122  ;находиться;v;
2123  ;национальный;a;
2124  ;начало;s;
2125  ;начальник;s;
2126  ;начальство;s;
2127  ;начать;v;
2128  ;начаться;v;
2129  ;начинать;v;
2130  ;начинаться;v;
2131  ;наш;apro;
2132  ;нащупать;v;
2133  ;не;part;
2134  ;небесный;a;
2135  ;небо;s;
2136  ;небольшой;a;
2137  ;небось;part;
2138  ;небрежно;adv;
2139  ;неведомый;a;
2140  ;невероятный;a;
2141  ;невеста;s;
2142  ;невидимый;a;
2143  ;невинный;a;
2144  ;невозможно;adv;
2145  ;невозможный;a;
2146  ;невольно;adv;
2147  ;невыносимый;a;
2148  ;невысокий;a;
2149  ;негодяй;s;
2150  ;негр;s;
2151  ;негромко;adv;
2152  ;недавний;a;
2153  ;недавно;adv;
2154  ;недалеко;adv;
2155  ;недаром;adv;
2156  ;неделя;s;
2157  ;недовольно;adv;
2158  ;недовольный;a;
2159  ;недолго;adv;
2160  ;недостаток;s;
2161  ;недоумение;s;
2162  ;нежно;adv;
2163  ;нежность;s;
2164  ;нежный;a;
2165  ;незаметно;adv;
2166  ;незнакомец;s;
2167  ;незнакомый;a;
2168  ;неизбежный;a;
2169  ;неизвестно;adv;
2170  ;неизвестный;a;
2171  ;некий;apro;
2172  ;некогда;advpro;
2173  ;некоторые;spro;
2174  ;некоторый;apro;
2175  ;некрасивый;a;
2176  ;некуда;adv;
2177  ;нелепый;a;
2178  ;неловко;adv;
2179  ;нельзя;adv;
2180  ;немало;num;
2181  ;немалый;a;
2182  ;немедленно;adv;
2183  ;немец;s;
2184  ;немецкий;a;
2185  ;немного;adv;
2186  ;немного;num;
2187  ;немножко;adv;
2188  ;немой;a;
2189  ;немолодой;a;
2190  ;немыслимый;a;
2191  ;ненавидеть;v;
2192  ;ненависть;s;
2193  ;ненадолго;adv;
2194  ;ненужный;a;
2195  ;необходимо;adv;
2196  ;необходимость;s;
2197  ;необходимый;a;
2198  ;необыкновенный;a;
2199  ;необычный;a;
2200  ;неожиданно;adv;
2201  ;неожиданность;s;
2202  ;неожиданный;a;
2203  ;неплохо;adv;
2204  ;неплохой;a;
2205  ;неподалеку;adv;
2206  ;неподвижно;adv;
2207  ;неподвижный;a;
2208  ;непонятно;adv;
2209  ;непонятный;a;
2210  ;неправда;s;
2211  ;неправильный;a;
2212  ;непременно;adv;
2213  ;неприятно;adv;
2214  ;неприятность;s;
2215  ;неприятный;a;
2216  ;нерв;s;
2217  ;нервничать;v;
2218  ;нервно;adv;
2219  ;нервный;a;
2220  ;несколько;adv;
2221  ;несколько;num;
2222  ;несмотря;adv;
2223  ;несомненно;adv;
2224  ;нести;v;
2225  ;нестись;v;
2226  ;несчастный;a;
2227  ;несчастье;s;
2228  ;нет;adv;
2229  ;нет;part;
2230  ;нетерпеливо;adv;
2231  ;нетерпение;s;
2232  ;нет-нет;part;
2233  ;неторопливо;adv;
2234  ;нету;adv;
2235  ;неудача;s;
2236  ;неудобно;adv;
2237  ;неужели;part;
2238  ;нехороший;a;
2239  ;нехорошо;adv;
2240  ;нехотя;adv;
2241  ;нечего;advpro;
2242  ;нечто;spro;
2243  ;неясный;a;
2244  ;ни;conj;
2245  ;ни;part;
2246  ;нигде;advpro;
2247  ;нижний;a;
2248  ;низ;s;
2249  ;низкий;a;
2250  ;низко;adv;
2251  ;никак;advpro;
2252  ;никакой;apro;
2253  ;никогда;advpro;
2254  ;никто;spro;
2255  ;никуда;advpro;
2256  ;нисколько;advpro;
2257  ;нитка;s;
2258  ;нить;s;
2259  ;ничего;advpro;
2260  ;ничто;spro;
2261  ;ничуть;advpro;
2262  ;но;conj;
2263  ;новенький;a;
2264  ;новость;s;
2265  ;новый;a;
2266  ;нога;s;
2267  ;ноготь;s;
2268  ;нож;s;
2269  ;ножка;s;
2270  ;ноздря;s;
2271  ;номер;s;
2272  ;нора;s;
2273  ;норма;s;
2274  ;нормально;adv;
2275  ;нормальный;a;
2276  ;норовить;v;
2277  ;нос;s;
2278  ;носить;v;
2279  ;носиться;v;
2280  ;носок;s;
2281  ;нота;s;
2282  ;ночевать;v;
2283  ;ночной;a;
2284  ;ночь;s;
2285  ;ноябрь;s;
2286  ;нравиться;v;
2287  ;ну;part;
2288  ;нужда;s;
2289  ;нуждаться;v;
2290  ;нужно;adv;
2291  ;нужный;a;
2292  ;ну-ка;intj;
2293  ;ныне;adv;
2294  ;нынешний;a;
2295  ;нынче;adv;
2296  ;нырнуть;v;
2297  ;о;intj;
2298  ;о;pr;
2299  ;об;pr;
2300  ;оба;num;
2301  ;обвести;v;
2302  ;обед;s;
2303  ;обедать;v;
2304  ;обезьяна;s;
2305  ;обернуться;v;
2306  ;обеспечить;v;
2307  ;обещание;s;
2308  ;обещать;v;
2309  ;обида;s;
2310  ;обидеть;v;
2311  ;обидеться;v;
2312  ;обидно;adv;
2313  ;обижать;v;
2314  ;обижаться;v;
2315  ;обладать;v;
2316  ;облако;s;
2317  ;областной;a;
2318  ;область;s;
2319  ;облегчение;s;
2320  ;облик;s;
2321  ;обломок;s;
2322  ;обман;s;
2323  ;обмануть;v;
2324  ;обманывать;v;
2325  ;обмен;s;
2326  ;обнаружить;v;
2327  ;обнаружиться;v;
2328  ;обнимать;v;
2329  ;обнять;v;
2330  ;обо;pr;
2331  ;обожать;v;
2332  ;обойти;v;
2333  ;обойтись;v;
2334  ;оборачиваться;v;
2335  ;оборвать;v;
2336  ;оборона;s;
2337  ;оборот;s;
2338  ;обочина;s;
2339  ;обрадоваться;v;
2340  ;образ;s;
2341  ;образец;s;
2342  ;образование;s;
2343  ;образоваться;v;
2344  ;обратить;v;
2345  ;обратиться;v;
2346  ;обратно;adv;
2347  ;обратный;a;
2348  ;обращать;v;
2349  ;обращаться;v;
2350  ;обрести;v;
2351  ;обрушиться;v;
2352  ;обрыв;s;
2353  ;обрывок;s;
2354  ;обстановка;s;
2355  ;обстоятельство;s;
2356  ;обсуждать;v;
2357  ;обувь;s;
2358  ;обхватить;v;
2359  ;обходить;v;
2360  ;общаться;v;
2361  ;общее;s;
2362  ;общежитие;s;
2363  ;общение;s;
2364  ;общественный;a;
2365  ;общество;s;
2366  ;общий;a;
2367  ;объект;s;
2368  ;объявить;v;
2369  ;объявление;s;
2370  ;объявлять;v;
2371  ;объяснение;s;
2372  ;объяснить;v;
2373  ;объяснять;v;
2374  ;объясняться;v;
2375  ;объятие;s;
2376  ;обыкновенный;a;
2377  ;обычай;s;
2378  ;обычно;adv;
2379  ;обычный;a;
2380  ;обязанность;s;
2381  ;обязанный;a;
2382  ;обязательно;adv;
2383  ;обязать;v;
2384  ;овраг;s;
2385  ;оглядеть;v;
2386  ;оглядеться;v;
2387  ;оглядывать;v;
2388  ;оглядываться;v;
2389  ;оглянуться;v;
2390  ;огненный;a;
2391  ;огонек;s;
2392  ;огонь;s;
2393  ;огород;s;
2394  ;ограда;s;
2395  ;огромный;a;
2396  ;огурец;s;
2397  ;одеваться;v;
2398  ;одежда;s;
2399  ;одетый;a;
2400  ;одеть;v;
2401  ;одеться;v;
2402  ;одеяло;s;
2403  ;один;anum;
2404  ;один;apro;
2405  ;одинаково;adv;
2406  ;одинаковый;a;
2407  ;одиннадцать;num;
2408  ;одинокий;a;
2409  ;одиночество;s;
2410  ;одиночка;s;
2411  ;однажды;adv;
2412  ;однако;adv;
2413  ;однако;conj;
2414  ;одновременно;adv;
2415  ;оживиться;v;
2416  ;ожидание;s;
2417  ;ожидать;v;
2418  ;ожить;v;
2419  ;озеро;s;
2420  ;озираться;v;
2421  ;означать;v;
2422  ;ой;intj;
2423  ;оказать;v;
2424  ;оказаться;v;
2425  ;оказываться;v;
2426  ;океан;s;
2427  ;окликнуть;v;
2428  ;окно;s;
2429  ;около;pr;
2430  ;окончание;s;
2431  ;окончательно;adv;
2432  ;окончательный;a;
2433  ;окончить;v;
2434  ;окоп;s;
2435  ;окошко;s;
2436  ;окраина;s;
2437  ;окружать;v;
2438  ;окружающее;s;
2439  ;окружение;s;
2440  ;окружить;v;
2441  ;октябрь;s;
2442  ;окурок;s;
2443  ;он;spro;
2444  ;она;spro;
2445  ;они;spro;
2446  ;оно;spro;
2447  ;опаздывать;v;
2448  ;опасаться;v;
2449  ;опасность;s;
2450  ;опасный;a;
2451  ;операция;s;
2452  ;опираться;v;
2453  ;описать;v;
2454  ;описывать;v;
2455  ;опоздать;v;
2456  ;опомниться;v;
2457  ;оправдываться;v;
2458  ;определенно;adv;
2459  ;определенный;a;
2460  ;определить;v;
2461  ;определять;v;
2462  ;опрокинуть;v;
2463  ;опускать;v;
2464  ;опускаться;v;
2465  ;опустеть;v;
2466  ;опустить;v;
2467  ;опуститься;v;
2468  ;опыт;s;
2469  ;опытный;a;
2470  ;опять;adv;
2471  ;оранжевый;a;
2472  ;орать;v;
2473  ;орган;s;
2474  ;организация;s;
2475  ;организм;s;
2476  ;организовать;v;
2477  ;орден;s;
2478  ;орел;s;
2479  ;орех;s;
2480  ;оркестр;s;
2481  ;орудие;s;
2482  ;оружие;s;
2483  ;осведомиться;v;
2484  ;осветить;v;
2485  ;освободить;v;
2486  ;освободиться;v;
2487  ;осенний;a;
2488  ;осень;s;
2489  ;осколок;s;
2490  ;оскорбить;v;
2491  ;осматривать;v;
2492  ;осмотреть;v;
2493  ;основа;s;
2494  ;основание;s;
2495  ;основное;s;
2496  ;основной;a;
2497  ;особенно;adv;
2498  ;особенность;s;
2499  ;особенный;a;
2500  ;особняк;s;
2501  ;особо;adv;
2502  ;особый;a;
2503  ;осознать;v;
2504  ;оставаться;v;
2505  ;оставить;v;
2506  ;оставлять;v;
2507  ;остальное;spro;
2508  ;остальной;apro;
2509  ;остальные;spro;
2510  ;останавливать;v;
2511  ;останавливаться;v;
2512  ;остановить;v;
2513  ;остановиться;v;
2514  ;остановка;s;
2515  ;остаток;s;
2516  ;остаться;v;
2517  ;осторожно;adv;
2518  ;осторожный;a;
2519  ;остро;adv;
2520  ;остров;s;
2521  ;острый;a;
2522  ;остынуть;v;
2523  ;от;pr;
2524  ;отбросить;v;
2525  ;отвезти;v;
2526  ;отвернуться;v;
2527  ;отвести;v;
2528  ;ответ;s;
2529  ;ответить;v;
2530  ;ответственность;s;
2531  ;ответственный;a;
2532  ;отвечать;v;
2533  ;отводить;v;
2534  ;отвратительный;a;
2535  ;отвращение;s;
2536  ;отдавать;v;
2537  ;отдать;v;
2538  ;отдел;s;
2539  ;отделение;s;
2540  ;отдельно;adv;
2541  ;отдельный;a;
2542  ;отдохнуть;v;
2543  ;отдых;s;
2544  ;отдыхать;v;
2545  ;отель;s;
2546  ;отец;s;
2547  ;отечественный;a;
2548  ;отказ;s;
2549  ;отказать;v;
2550  ;отказаться;v;
2551  ;отказываться;v;
2552  ;откинуть;v;
2553  ;откинуться;v;
2554  ;откликнуться;v;
2555  ;откровенно;adv;
2556  ;откровенный;a;
2557  ;открывать;v;
2558  ;открываться;v;
2559  ;открытие;s;
2560  ;открытый;a;
2561  ;открыть;v;
2562  ;открыться;v;
2563  ;откуда;advpro;
2564  ;откуда-то;advpro;
2565  ;отличаться;v;
2566  ;отличие;s;
2567  ;отлично;adv;
2568  ;отличный;a;
2569  ;отложить;v;
2570  ;отмахнуться;v;
2571  ;отменить;v;
2572  ;отметить;v;
2573  ;отмечать;v;
2574  ;отнести;v;
2575  ;относиться;v;
2576  ;отношение;s;
2577  ;отнюдь;adv;
2578  ;отнять;v;
2579  ;отобрать;v;
2580  ;отодвинуть;v;
2581  ;отозваться;v;
2582  ;отойти;v;
2583  ;оторвать;v;
2584  ;оторваться;v;
2585  ;отправить;v;
2586  ;отправиться;v;
2587  ;отправлять;v;
2588  ;отправляться;v;
2589  ;отпуск;s;
2590  ;отпускать;v;
2591  ;отпустить;v;
2592  ;отравить;v;
2593  ;отражаться;v;
2594  ;отражение;s;
2595  ;отрезать;v;
2596  ;отрывать;v;
2597  ;отрываться;v;
2598  ;отряд;s;
2599  ;отставать;v;
2600  ;отстать;v;
2601  ;отступать;v;
2602  ;отступить;v;
2603  ;отсутствие;s;
2604  ;отсутствовать;v;
2605  ;отсюда;advpro;
2606  ;оттенок;s;
2607  ;оттого;advpro;
2608  ;оттуда;advpro;
2609  ;отходить;v;
2610  ;отцовский;a;
2611  ;отчасти;adv;
2612  ;отчаяние;s;
2613  ;отчаянно;adv;
2614  ;отчаянный;a;
2615  ;отчего;advpro;
2616  ;отчего-то;advpro;
2617  ;отчет;s;
2618  ;отчетливо;adv;
2619  ;отъезд;s;
2620  ;отыскать;v;
2621  ;офис;s;
2622  ;офицер;s;
2623  ;офицерский;a;
2624  ;официальный;a;
2625  ;официант;s;
2626  ;официантка;s;
2627  ;ох;intj;
2628  ;охватить;v;
2629  ;охота;s;
2630  ;охотник;s;
2631  ;охотно;adv;
2632  ;охрана;s;
2633  ;охранник;s;
2634  ;охранять;v;
2635  ;оценить;v;
2636  ;очевидно;adv;
2637  ;очевидный;a;
2638  ;очень;adv;
2639  ;очередной;a;
2640  ;очередь;s;
2641  ;очки;s;
2642  ;очнуться;v;
2643  ;очутиться;v;
2644  ;ошибаться;v;
2645  ;ошибиться;v;
2646  ;ошибка;s;
2647  ;ощутить;v;
2648  ;ощущать;v;
2649  ;ощущение;s;
2650  ;падать;v;
2651  ;падение;s;
2652  ;пакет;s;
2653  ;палата;s;
2654  ;палатка;s;
2655  ;палач;s;
2656  ;палец;s;
2657  ;палка;s;
2658  ;палочка;s;
2659  ;палуба;s;
2660  ;пальма;s;
2661  ;пальто;s;
2662  ;пальчик;s;
2663  ;памятник;s;
2664  ;память;s;
2665  ;пан;s;
2666  ;паника;s;
2667  ;папа;s;
2668  ;папаша;s;
2669  ;папироса;s;
2670  ;папка;s;
2671  ;пар;s;
2672  ;пара;s;
2673  ;парадный;a;
2674  ;парень;s;
2675  ;парк;s;
2676  ;паровоз;s;
2677  ;пароход;s;
2678  ;парочка;s;
2679  ;парта;s;
2680  ;партийный;a;
2681  ;партия;s;
2682  ;партнер;s;
2683  ;парус;s;
2684  ;паспорт;s;
2685  ;пассажир;s;
2686  ;пасть;s;
2687  ;пасть;v;
2688  ;патрон;s;
2689  ;пауза;s;
2690  ;паук;s;
2691  ;паутина;s;
2692  ;пахнуть;v;
2693  ;пацан;s;
2694  ;пациент;s;
2695  ;пачка;s;
2696  ;певец;s;
2697  ;пейзаж;s;
2698  ;пена;s;
2699  ;пенсия;s;
2700  ;пепел;s;
2701  ;пепельница;s;
2702  ;первый;anum;
2703  ;перебивать;v;
2704  ;перебирать;v;
2705  ;перебить;v;
2706  ;перебраться;v;
2707  ;перевернуть;v;
2708  ;перевести;v;
2709  ;перевод;s;
2710  ;переводить;v;
2711  ;переглянуться;v;
2712  ;переговоры;s;
2713  ;перед;pr;
2714  ;передавать;v;
2715  ;передать;v;
2716  ;передача;s;
2717  ;передний;a;
2718  ;передо;pr;
2719  ;передумать;v;
2720  ;переехать;v;
2721  ;переживать;v;
2722  ;пережить;v;
2723  ;перейти;v;
2724  ;перекресток;s;
2725  ;перемена;s;
2726  ;перенести;v;
2727  ;перерыв;s;
2728  ;пересечь;v;
2729  ;переспросить;v;
2730  ;переставать;v;
2731  ;перестать;v;
2732  ;переулок;s;
2733  ;перехватить;v;
2734  ;переход;s;
2735  ;переходить;v;
2736  ;перила;s;
2737  ;период;s;
2738  ;перо;s;
2739  ;перрон;s;
2740  ;персонаж;s;
2741  ;перспектива;s;
2742  ;перчатка;s;
2743  ;пес;s;
2744  ;песенка;s;
2745  ;песня;s;
2746  ;песок;s;
2747  ;пестрый;a;
2748  ;петля;s;
2749  ;петух;s;
2750  ;петь;v;
2751  ;пехота;s;
2752  ;печаль;s;
2753  ;печально;adv;
2754  ;печальный;a;
2755  ;печатать;v;
2756  ;печать;s;
2757  ;печка;s;
2758  ;печь;s;
2759  ;пешком;adv;
2760  ;пещера;s;
2761  ;пиво;s;
2762  ;пиджак;s;
2763  ;пират;s;
2764  ;пирог;s;
2765  ;пирожок;s;
2766  ;писатель;s;
2767  ;писать;v;
2768  ;пистолет;s;
2769  ;письменный;a;
2770  ;письмо;s;
2771  ;пить;v;
2772  ;пища;s;
2773  ;плавать;v;
2774  ;плавно;adv;
2775  ;плакат;s;
2776  ;плакать;v;
2777  ;пламя;s;
2778  ;план;s;
2779  ;планета;s;
2780  ;пластинка;s;
2781  ;платить;v;
2782  ;платок;s;
2783  ;платформа;s;
2784  ;платье;s;
2785  ;плащ;s;
2786  ;плевать;v;
2787  ;племя;s;
2788  ;племянник;s;
2789  ;плен;s;
2790  ;пленка;s;
2791  ;плечо;s;
2792  ;плита;s;
2793  ;плод;s;
2794  ;плоский;a;
2795  ;плотно;adv;
2796  ;плотный;a;
2797  ;плоть;s;
2798  ;плохо;adv;
2799  ;плохой;a;
2800  ;площадка;s;
2801  ;площадь;s;
2802  ;плыть;v;
2803  ;плюнуть;v;
2804  ;плюс;conj;
2805  ;пляж;s;
2806  ;плясать;v;
2807  ;по;pr;
2808  ;победа;s;
2809  ;победитель;s;
2810  ;победить;v;
2811  ;побежать;v;
2812  ;побить;v;
2813  ;поблагодарить;v;
2814  ;побледнеть;v;
2815  ;поблескивать;v;
2816  ;поблизости;adv;
2817  ;побрести;v;
2818  ;побывать;v;
2819  ;поведение;s;
2820  ;повезти;v;
2821  ;поверить;v;
2822  ;повернуть;v;
2823  ;повернуться;v;
2824  ;поверх;pr;
2825  ;поверхность;s;
2826  ;повесить;v;
2827  ;повести;v;
2828  ;повесть;s;
2829  ;по-видимому;adv;
2830  ;повиснуть;v;
2831  ;повод;s;
2832  ;поворачивать;v;
2833  ;поворачиваться;v;
2834  ;поворот;s;
2835  ;повсюду;advpro;
2836  ;повторить;v;
2837  ;повторять;v;
2838  ;повторяться;v;
2839  ;погаснуть;v;
2840  ;погибнуть;v;
2841  ;погладить;v;
2842  ;поглядеть;v;
2843  ;поглядывать;v;
2844  ;поговорить;v;
2845  ;погода;s;
2846  ;погодить;v;
2847  ;погон;s;
2848  ;погрузить;v;
2849  ;погрузиться;v;
2850  ;погубить;v;
2851  ;погулять;v;
2852  ;под;pr;
2853  ;подавать;v;
2854  ;подавить;v;
2855  ;подарить;v;
2856  ;подарок;s;
2857  ;подать;v;
2858  ;податься;v;
2859  ;подбежать;v;
2860  ;подбирать;v;
2861  ;подбородок;s;
2862  ;подвал;s;
2863  ;подвести;v;
2864  ;подвиг;s;
2865  ;подводный;a;
2866  ;подготовить;v;
2867  ;подготовка;s;
2868  ;поддаваться;v;
2869  ;поддержать;v;
2870  ;поддерживать;v;
2871  ;поддержка;s;
2872  ;поделать;v;
2873  ;поделиться;v;
2874  ;поджать;v;
2875  ;подземный;a;
2876  ;подлец;s;
2877  ;подлинный;a;
2878  ;подлый;a;
2879  ;подмигнуть;v;
2880  ;поднести;v;
2881  ;поднимать;v;
2882  ;подниматься;v;
2883  ;поднос;s;
2884  ;поднять;v;
2885  ;подняться;v;
2886  ;подобно;pr;
2887  ;подобный;a;
2888  ;подобрать;v;
2889  ;подождать;v;
2890  ;подозревать;v;
2891  ;подозрение;s;
2892  ;подозрительно;adv;
2893  ;подозрительный;a;
2894  ;подойти;v;
2895  ;подоконник;s;
2896  ;подписать;v;
2897  ;подпись;s;
2898  ;подполковник;s;
2899  ;подробно;adv;
2900  ;подробность;s;
2901  ;подросток;s;
2902  ;подруга;s;
2903  ;по-другому;advpro;
2904  ;подружка;s;
2905  ;подряд;adv;
2906  ;подсказать;v;
2907  ;подскочить;v;
2908  ;подставить;v;
2909  ;подтвердить;v;
2910  ;подтверждать;v;
2911  ;подумать;v;
2912  ;подушка;s;
2913  ;подхватить;v;
2914  ;подходить;v;
2915  ;подходящий;a;
2916  ;подчеркнуть;v;
2917  ;подчиняться;v;
2918  ;подъезд;s;
2919  ;подъем;s;
2920  ;подъехать;v;
2921  ;поезд;s;
2922  ;поездка;s;
2923  ;поесть;v;
2924  ;поехать;v;
2925  ;пожалеть;v;
2926  ;пожаловаться;v;
2927  ;пожалуй;adv;
2928  ;пожалуйста;part;
2929  ;пожар;s;
2930  ;пожать;v;
2931  ;пожелать;v;
2932  ;пожилой;a;
2933  ;пожимать;v;
2934  ;пожить;v;
2935  ;поза;s;
2936  ;позабыть;v;
2937  ;позади;adv;
2938  ;позади;pr;
2939  ;позвать;v;
2940  ;позволить;v;
2941  ;позволять;v;
2942  ;позвонить;v;
2943  ;поздний;a;
2944  ;поздно;adv;
2945  ;поздороваться;v;
2946  ;поздравлять;v;
2947  ;позиция;s;
2948  ;познакомиться;v;
2949  ;позор;s;
2950  ;поинтересоваться;v;
2951  ;поиск;s;
2952  ;поискать;v;
2953  ;поймать;v;
2954  ;пойти;v;
2955  ;пока;adv;
2956  ;пока;conj;
2957  ;показание;s;
2958  ;показать;v;
2959  ;показаться;v;
2960  ;показывать;v;
2961  ;покатиться;v;
2962  ;покачать;v;
2963  ;покачиваться;v;
2964  ;покидать;v;
2965  ;покинуть;v;
2966  ;поклон;s;
2967  ;поклониться;v;
2968  ;покой;s;
2969  ;покойник;s;
2970  ;покойный;a;
2971  ;поколение;s;
2972  ;покончить;v;
2973  ;покорно;adv;
2974  ;покоситься;v;
2975  ;покраснеть;v;
2976  ;покрыть;v;
2977  ;покупатель;s;
2978  ;покупать;v;
2979  ;покурить;v;
2980  ;пол;num;
2981  ;пол;s;
2982  ;полагать;v;
2983  ;полагаться;v;
2984  ;полгода;s;
2985  ;полдень;s;
2986  ;поле;s;
2987  ;полевой;a;
2988  ;полезный;a;
2989  ;полезть;v;
2990  ;полет;s;
2991  ;полететь;v;
2992  ;ползать;v;
2993  ;ползти;v;
2994  ;политика;s;
2995  ;политический;a;
2996  ;полицейский;s;
2997  ;полиция;s;
2998  ;полк;s;
2999  ;полка;s;
3000  ;полковник;s;
3001  ;полно;adv;
3002  ;полностью;adv;
3003  ;полночь;s;
3004  ;полный;a;
3005  ;половина;s;
3006  ;положение;s;
3007  ;положенный;a;
3008  ;положить;v;
3009  ;полоса;s;
3010  ;полоска;s;
3011  ;полотенце;s;
3012  ;полтора;num;
3013  ;получать;v;
3014  ;получаться;v;
3015  ;получить;v;
3016  ;получиться;v;
3017  ;полчаса;s;
3018  ;польза;s;
3019  ;пользоваться;v;
3020  ;полюбить;v;
3021  ;поляна;s;
3022  ;помахать;v;
3023  ;помереть;v;
3024  ;помешать;v;
3025  ;помещение;s;
3026  ;помимо;pr;
3027  ;помнить;v;
3028  ;помниться;v;
3029  ;помогать;v;
3030  ;помолчать;v;
3031  ;поморщиться;v;
3032  ;помочь;v;
3033  ;помощник;s;
3034  ;помощь;s;
3035  ;помчаться;v;
3036  ;понадобиться;v;
3037  ;по-настоящему;adv;
3038  ;поначалу;adv;
3039  ;понедельник;s;
3040  ;понемногу;adv;
3041  ;понести;v;
3042  ;понимание;s;
3043  ;понимать;v;
3044  ;понравиться;v;
3045  ;понятие;s;
3046  ;понятно;adv;
3047  ;понятный;a;
3048  ;понять;v;
3049  ;пообещать;v;
3050  ;поп;s;
3051  ;попадать;v;
3052  ;попадаться;v;
3053  ;попасть;v;
3054  ;попасться;v;
3055  ;попить;v;
3056  ;поплыть;v;
3057  ;пополам;adv;
3058  ;поползти;v;
3059  ;поправить;v;
3060  ;по-прежнему;adv;
3061  ;попробовать;v;
3062  ;попросить;v;
3063  ;попросту;adv;
3064  ;попрощаться;v;
3065  ;попытаться;v;
3066  ;попытка;s;
3067  ;пора;adv;
3068  ;пора;s;
3069  ;поработать;v;
3070  ;поражение;s;
3071  ;поразить;v;
3072  ;порвать;v;
3073  ;порог;s;
3074  ;порода;s;
3075  ;порт;s;
3076  ;портить;v;
3077  ;портрет;s;
3078  ;портфель;s;
3079  ;по-русски;adv;
3080  ;поручик;s;
3081  ;поручить;v;
3082  ;порция;s;
3083  ;порыв;s;
3084  ;порядок;s;
3085  ;порядочный;a;
3086  ;посадить;v;
3087  ;посадка;s;
3088  ;по-своему;advpro;
3089  ;посвятить;v;
3090  ;поселиться;v;
3091  ;поселок;s;
3092  ;посетитель;s;
3093  ;посетить;v;
3094  ;посещать;v;
3095  ;посидеть;v;
3096  ;поскольку;conj;
3097  ;послать;v;
3098  ;после;adv;
3099  ;после;pr;
3100  ;последний;a;
3101  ;последовать;v;
3102  ;последствие;s;
3103  ;послушать;v;
3104  ;послушно;adv;
3105  ;послышаться;v;
3106  ;посмеиваться;v;
3107  ;посметь;v;
3108  ;посмеяться;v;
3109  ;посмотреть;v;
3110  ;посоветовать;v;
3111  ;поспешить;v;
3112  ;поспешно;adv;
3113  ;посреди;pr;
3114  ;пост;s;
3115  ;поставить;v;
3116  ;постараться;v;
3117  ;постель;s;
3118  ;постепенно;adv;
3119  ;посторонний;a;
3120  ;постоянно;adv;
3121  ;постоянный;a;
3122  ;постоять;v;
3123  ;построить;v;
3124  ;поступать;v;
3125  ;поступить;v;
3126  ;поступок;s;
3127  ;постучать;v;
3128  ;посуда;s;
3129  ;посылать;v;
3130  ;пот;s;
3131  ;потащить;v;
3132  ;потемнеть;v;
3133  ;потереть;v;
3134  ;потерпеть;v;
3135  ;потеря;s;
3136  ;потерять;v;
3137  ;потечь;v;
3138  ;потихоньку;adv;
3139  ;потный;a;
3140  ;поток;s;
3141  ;потолок;s;
3142  ;потом;advpro;
3143  ;потому;advpro;
3144  ;потребовать;v;
3145  ;потрогать;v;
3146  ;потрясти;v;
3147  ;потянуть;v;
3148  ;потянуться;v;
3149  ;похвалить;v;
3150  ;похлопать;v;
3151  ;поход;s;
3152  ;походить;v;
3153  ;походка;s;
3154  ;похоже;adv;
3155  ;похожий;a;
3156  ;похоронить;v;
3157  ;похороны;s;
3158  ;поцеловать;v;
3159  ;поцелуй;s;
3160  ;почва;s;
3161  ;почему;advpro;
3162  ;почему-то;advpro;
3163  ;почерк;s;
3164  ;почитать;v;
3165  ;почта;s;
3166  ;почти;adv;
3167  ;почувствовать;v;
3168  ;пошутить;v;
3169  ;поэзия;s;
3170  ;поэт;s;
3171  ;поэтому;advpro;
3172  ;появиться;v;
3173  ;появление;s;
3174  ;появляться;v;
3175  ;пояс;s;
3176  ;пояснить;v;
3177  ;правда;adv;
3178  ;правда;s;
3179  ;правило;s;
3180  ;правильно;adv;
3181  ;правильный;a;
3182  ;правительство;s;
3183  ;право;s;
3184  ;правый;a;
3185  ;праздник;s;
3186  ;праздничный;a;
3187  ;практика;s;
3188  ;практически;adv;
3189  ;прапорщик;s;
3190  ;пребывать;v;
3191  ;превратить;v;
3192  ;превратиться;v;
3193  ;превращаться;v;
3194  ;предать;v;
3195  ;предел;s;
3196  ;предлагать;v;
3197  ;предложение;s;
3198  ;предложить;v;
3199  ;предмет;s;
3200  ;предок;s;
3201  ;предоставить;v;
3202  ;предполагать;v;
3203  ;предположение;s;
3204  ;предположить;v;
3205  ;предпочитать;v;
3206  ;предприятие;s;
3207  ;председатель;s;
3208  ;представитель;s;
3209  ;представить;v;
3210  ;представиться;v;
3211  ;представление;s;
3212  ;представлять;v;
3213  ;представляться;v;
3214  ;предстоять;v;
3215  ;предстоящий;a;
3216  ;предупредить;v;
3217  ;предупреждать;v;
3218  ;предчувствие;s;
3219  ;предъявить;v;
3220  ;предыдущий;a;
3221  ;прежде;adv;
3222  ;прежде;pr;
3223  ;прежний;a;
3224  ;президент;s;
3225  ;презирать;v;
3226  ;презрение;s;
3227  ;презрительно;adv;
3228  ;прекрасно;adv;
3229  ;прекрасный;a;
3230  ;прекратить;v;
3231  ;прелесть;s;
3232  ;премия;s;
3233  ;преодолеть;v;
3234  ;преподаватель;s;
3235  ;прервать;v;
3236  ;преследовать;v;
3237  ;преступление;s;
3238  ;преступник;s;
3239  ;претензия;s;
3240  ;при;pr;
3241  ;прибавить;v;
3242  ;прибежать;v;
3243  ;приближаться;v;
3244  ;приблизиться;v;
3245  ;прибор;s;
3246  ;прибыть;v;
3247  ;привезти;v;
3248  ;привести;v;
3249  ;привет;s;
3250  ;приветствовать;v;
3251  ;привлекать;v;
3252  ;привлечь;v;
3253  ;приводить;v;
3254  ;привыкнуть;v;
3255  ;привычка;s;
3256  ;привычно;adv;
3257  ;привычный;a;
3258  ;привязать;v;
3259  ;пригласить;v;
3260  ;приглашать;v;
3261  ;приглашение;s;
3262  ;приговаривать;v;
3263  ;приговор;s;
3264  ;пригодиться;v;
3265  ;приготовить;v;
3266  ;приготовиться;v;
3267  ;придавать;v;
3268  ;придать;v;
3269  ;придумать;v;
3270  ;придумывать;v;
3271  ;приезд;s;
3272  ;приезжать;v;
3273  ;прием;s;
3274  ;приемная;s;
3275  ;приехать;v;
3276  ;прижать;v;
3277  ;прижаться;v;
3278  ;прижимать;v;
3279  ;признавать;v;
3280  ;признаваться;v;
3281  ;признак;s;
3282  ;признание;s;
3283  ;признать;v;
3284  ;признаться;v;
3285  ;призывать;v;
3286  ;прийти;v;
3287  ;прийтись;v;
3288  ;приказ;s;
3289  ;приказать;v;
3290  ;приключение;s;
3291  ;прикосновение;s;
3292  ;прикрывать;v;
3293  ;прикрыть;v;
3294  ;прилавок;s;
3295  ;прилететь;v;
3296  ;приличный;a;
3297  ;приложить;v;
3298  ;пример;s;
3299  ;примерно;adv;
3300  ;примета;s;
3301  ;принадлежать;v;
3302  ;принести;v;
3303  ;принимать;v;
3304  ;приниматься;v;
3305  ;приносить;v;
3306  ;принц;s;
3307  ;принцесса;s;
3308  ;принцип;s;
3309  ;принять;v;
3310  ;приняться;v;
3311  ;приобрести;v;
3312  ;приоткрыть;v;
3313  ;приподнять;v;
3314  ;приподняться;v;
3315  ;припомнить;v;
3316  ;природа;s;
3317  ;присесть;v;
3318  ;прислать;v;
3319  ;прислониться;v;
3320  ;прислушаться;v;
3321  ;прислушиваться;v;
3322  ;присниться;v;
3323  ;приставать;v;
3324  ;пристально;adv;
3325  ;приступ;s;
3326  ;приступить;v;
3327  ;присутствие;s;
3328  ;присутствовать;v;
3329  ;притворяться;v;
3330  ;притихнуть;v;
3331  ;прихватить;v;
3332  ;приход;s;
3333  ;приходить;v;
3334  ;приходиться;v;
3335  ;прихожая;s;
3336  ;причем;conj;
3337  ;прическа;s;
3338  ;причина;s;
3339  ;прищуриться;v;
3340  ;приятель;s;
3341  ;приятно;adv;
3342  ;приятный;a;
3343  ;про;pr;
3344  ;пробежать;v;
3345  ;пробираться;v;
3346  ;пробить;v;
3347  ;пробка;s;
3348  ;проблема;s;
3349  ;пробовать;v;
3350  ;пробормотать;v;
3351  ;провал;s;
3352  ;провалиться;v;
3353  ;проверить;v;
3354  ;проверка;s;
3355  ;проверять;v;
3356  ;провести;v;
3357  ;провод;s;
3358  ;проводить;v;
3359  ;проводник;s;
3360  ;провожать;v;
3361  ;проволока;s;
3362  ;проглотить;v;
3363  ;прогнать;v;
3364  ;проговорить;v;
3365  ;программа;s;
3366  ;прогулка;s;
3367  ;продавать;v;
3368  ;продавец;s;
3369  ;продавщица;s;
3370  ;продать;v;
3371  ;продолжать;v;
3372  ;продолжаться;v;
3373  ;продолжение;s;
3374  ;продолжить;v;
3375  ;продукт;s;
3376  ;проект;s;
3377  ;проем;s;
3378  ;проехать;v;
3379  ;проживать;v;
3380  ;прожить;v;
3381  ;прозвище;s;
3382  ;прозвучать;v;
3383  ;прозрачный;a;
3384  ;проиграть;v;
3385  ;произведение;s;
3386  ;произвести;v;
3387  ;производить;v;
3388  ;производство;s;
3389  ;произнести;v;
3390  ;произносить;v;
3391  ;произойти;v;
3392  ;происходить;v;
3393  ;происхождение;s;
3394  ;происшествие;s;
3395  ;пройти;v;
3396  ;пройтись;v;
3397  ;проклятый;a;
3398  ;прокуратура;s;
3399  ;прокурор;s;
3400  ;пролететь;v;
3401  ;промолчать;v;
3402  ;пронестись;v;
3403  ;пронзительный;a;
3404  ;проникнуть;v;
3405  ;пропадать;v;
3406  ;пропасть;s;
3407  ;пропасть;v;
3408  ;пропускать;v;
3409  ;пропустить;v;
3410  ;прорваться;v;
3411  ;просидеть;v;
3412  ;просить;v;
3413  ;проснуться;v;
3414  ;проспект;s;
3415  ;проститутка;s;
3416  ;простить;v;
3417  ;просто;adv;
3418  ;просто;part;
3419  ;простой;a;
3420  ;простор;s;
3421  ;просторный;a;
3422  ;пространство;s;
3423  ;простыня;s;
3424  ;просыпаться;v;
3425  ;просьба;s;
3426  ;против;adv;
3427  ;против;pr;
3428  ;противник;s;
3429  ;противно;adv;
3430  ;противный;a;
3431  ;противоположный;a;
3432  ;протокол;s;
3433  ;протягивать;v;
3434  ;протянуть;v;
3435  ;профессиональный;a;
3436  ;профессия;s;
3437  ;профессор;s;
3438  ;профиль;s;
3439  ;прохладный;a;
3440  ;проход;s;
3441  ;проходить;v;
3442  ;прохожий;s;
3443  ;процент;s;
3444  ;процесс;s;
3445  ;прочее;spro;
3446  ;прочесть;v;
3447  ;прочий;apro;
3448  ;прочитать;v;
3449  ;прочь;adv;
3450  ;прошептать;v;
3451  ;прошлое;s;
3452  ;прошлый;a;
3453  ;прощание;s;
3454  ;прощать;v;
3455  ;прощаться;v;
3456  ;прощение;s;
3457  ;проявить;v;
3458  ;проявлять;v;
3459  ;пруд;s;
3460  ;прутик;s;
3461  ;прыгать;v;
3462  ;прыгнуть;v;
3463  ;прыжок;s;
3464  ;прямо;adv;
3465  ;прямо;part;
3466  ;прямой;a;
3467  ;прятать;v;
3468  ;прятаться;v;
3469  ;птица;s;
3470  ;птичий;a;
3471  ;птичка;s;
3472  ;публика;s;
3473  ;пугать;v;
3474  ;пуговица;s;
3475  ;пузырь;s;
3476  ;пулемет;s;
3477  ;пуля;s;
3478  ;пункт;s;
3479  ;пускай;part;
3480  ;пускать;v;
3481  ;пустить;v;
3482  ;пусто;adv;
3483  ;пустой;a;
3484  ;пустота;s;
3485  ;пустынный;a;
3486  ;пустыня;s;
3487  ;пусть;conj;
3488  ;пусть;part;
3489  ;пустяк;s;
3490  ;путать;v;
3491  ;путаться;v;
3492  ;путешественник;s;
3493  ;путешествие;s;
3494  ;путь;s;
3495  ;пухлый;a;
3496  ;пушистый;a;
3497  ;пушка;s;
3498  ;пылать;v;
3499  ;пыль;s;
3500  ;пыльный;a;
3501  ;пытаться;v;
3502  ;пышный;a;
3503  ;пьеса;s;
3504  ;пьяный;a;
3505  ;пятка;s;
3506  ;пятнадцать;num;
3507  ;пятница;s;
3508  ;пятно;s;
3509  ;пятый;anum;
3510  ;пять;num;
3511  ;пятьдесят;num;
3512  ;пятьсот;num;
3513  ;раб;s;
3514  ;работа;s;
3515  ;работать;v;
3516  ;работник;s;
3517  ;рабочий;a;
3518  ;рабочий;s;
3519  ;равновесие;s;
3520  ;равнодушно;adv;
3521  ;равнодушный;a;
3522  ;равный;a;
3523  ;рад;a;
3524  ;ради;pr;
3525  ;радио;s;
3526  ;радоваться;v;
3527  ;радостно;adv;
3528  ;радостный;a;
3529  ;радость;s;
3530  ;раз;conj;
3531  ;раз;s;
3532  ;разбирать;v;
3533  ;разбираться;v;
3534  ;разбитый;a;
3535  ;разбить;v;
3536  ;разбиться;v;
3537  ;разбойник;s;
3538  ;разбросать;v;
3539  ;разбудить;v;
3540  ;развалиться;v;
3541  ;разве;part;
3542  ;разведка;s;
3543  ;разведчик;s;
3544  ;развернуть;v;
3545  ;развернуться;v;
3546  ;развести;v;
3547  ;развитие;s;
3548  ;развод;s;
3549  ;разводить;v;
3550  ;разглядеть;v;
3551  ;разглядывать;v;
3552  ;разговаривать;v;
3553  ;разговор;s;
3554  ;раздаваться;v;
3555  ;раздавить;v;
3556  ;раздаться;v;
3557  ;раздеваться;v;
3558  ;разделить;v;
3559  ;разделять;v;
3560  ;раздеться;v;
3561  ;раздражать;v;
3562  ;раздражение;s;
3563  ;раздраженно;adv;
3564  ;раздумывать;v;
3565  ;раздумье;s;
3566  ;различный;a;
3567  ;разложить;v;
3568  ;размах;s;
3569  ;размахивать;v;
3570  ;размер;s;
3571  ;размышление;s;
3572  ;размышлять;v;
3573  ;разница;s;
3574  ;разноцветный;a;
3575  ;разный;a;
3576  ;разобрать;v;
3577  ;разобраться;v;
3578  ;разойтись;v;
3579  ;разом;adv;
3580  ;разорвать;v;
3581  ;разрешать;v;
3582  ;разрешение;s;
3583  ;разрешить;v;
3584  ;разрушить;v;
3585  ;разрыв;s;
3586  ;разум;s;
3587  ;разумеется;adv;
3588  ;разумный;a;
3589  ;разыскать;v;
3590  ;рай;s;
3591  ;район;s;
3592  ;районный;a;
3593  ;рак;s;
3594  ;ракета;s;
3595  ;раковина;s;
3596  ;рама;s;
3597  ;рамка;s;
3598  ;рана;s;
3599  ;раненый;s;
3600  ;ранить;v;
3601  ;ранний;a;
3602  ;рано;adv;
3603  ;раскрытый;a;
3604  ;раскрыть;v;
3605  ;распахнуть;v;
3606  ;распахнуться;v;
3607  ;располагаться;v;
3608  ;расположение;s;
3609  ;расположить;v;
3610  ;расположиться;v;
3611  ;распорядиться;v;
3612  ;распоряжение;s;
3613  ;рассвет;s;
3614  ;рассердиться;v;
3615  ;рассеянно;adv;
3616  ;рассказ;s;
3617  ;рассказать;v;
3618  ;рассказывать;v;
3619  ;расслабиться;v;
3620  ;расслышать;v;
3621  ;рассматривать;v;
3622  ;рассмеяться;v;
3623  ;рассмотреть;v;
3624  ;расспрашивать;v;
3625  ;расставаться;v;
3626  ;расставить;v;
3627  ;расстаться;v;
3628  ;расстегнуть;v;
3629  ;расстояние;s;
3630  ;расстрелять;v;
3631  ;рассуждать;v;
3632  ;рассуждение;s;
3633  ;рассчитать;v;
3634  ;рассчитывать;v;
3635  ;рассыпаться;v;
3636  ;растение;s;
3637  ;растерянно;adv;
3638  ;растерянность;s;
3639  ;растеряться;v;
3640  ;расти;v;
3641  ;расходиться;v;
3642  ;расхохотаться;v;
3643  ;расчет;s;
3644  ;рвануть;v;
3645  ;рвануться;v;
3646  ;рваный;a;
3647  ;рвать;v;
3648  ;рваться;v;
3649  ;реагировать;v;
3650  ;реакция;s;
3651  ;реальность;s;
3652  ;реальный;a;
3653  ;ребенок;s;
3654  ;ребро;s;
3655  ;ребята;s;
3656  ;ребятишки;s;
3657  ;рев;s;
3658  ;реветь;v;
3659  ;ревность;s;
3660  ;револьвер;s;
3661  ;революция;s;
3662  ;редактор;s;
3663  ;редакция;s;
3664  ;редкий;a;
3665  ;редко;adv;
3666  ;режим;s;
3667  ;режиссер;s;
3668  ;резать;v;
3669  ;резиновый;a;
3670  ;резкий;a;
3671  ;резко;adv;
3672  ;результат;s;
3673  ;рейс;s;
3674  ;река;s;
3675  ;реклама;s;
3676  ;рельс;s;
3677  ;ремень;s;
3678  ;ремонт;s;
3679  ;реплика;s;
3680  ;ресница;s;
3681  ;ресторан;s;
3682  ;речка;s;
3683  ;речь;s;
3684  ;решать;v;
3685  ;решаться;v;
3686  ;решение;s;
3687  ;решетка;s;
3688  ;решительно;adv;
3689  ;решительный;a;
3690  ;решить;v;
3691  ;решиться;v;
3692  ;ржавый;a;
3693  ;ринуться;v;
3694  ;риск;s;
3695  ;рисковать;v;
3696  ;рисовать;v;
3697  ;рисунок;s;
3698  ;ритм;s;
3699  ;робкий;a;
3700  ;робко;adv;
3701  ;ровно;adv;
3702  ;ровный;a;
3703  ;рог;s;
3704  ;род;s;
3705  ;родина;s;
3706  ;родитель;s;
3707  ;родить;v;
3708  ;родиться;v;
3709  ;родной;a;
3710  ;родные;s;
3711  ;родственник;s;
3712  ;рожа;s;
3713  ;рождаться;v;
3714  ;рождение;s;
3715  ;роза;s;
3716  ;розовый;a;
3717  ;роковой;a;
3718  ;роль;s;
3719  ;роман;s;
3720  ;роскошный;a;
3721  ;российский;a;
3722  ;рост;s;
3723  ;рот;s;
3724  ;рота;s;
3725  ;роща;s;
3726  ;рояль;s;
3727  ;рубаха;s;
3728  ;рубашка;s;
3729  ;рубить;v;
3730  ;рубль;s;
3731  ;ругать;v;
3732  ;ругаться;v;
3733  ;ружье;s;
3734  ;рука;s;
3735  ;рукав;s;
3736  ;руководитель;s;
3737  ;руководить;v;
3738  ;руководство;s;
3739  ;рукопись;s;
3740  ;руль;s;
3741  ;русский;a;
3742  ;русский;s;
3743  ;рухнуть;v;
3744  ;ручей;s;
3745  ;ручка;s;
3746  ;рыба;s;
3747  ;рыбак;s;
3748  ;рыбка;s;
3749  ;рывок;s;
3750  ;рыдать;v;
3751  ;рыжий;a;
3752  ;рынок;s;
3753  ;рыцарь;s;
3754  ;рюкзак;s;
3755  ;рюмка;s;
3756  ;рявкнуть;v;
3757  ;ряд;s;
3758  ;рядовой;a;
3759  ;рядом;adv;
3760  ;с;pr;
3761  ;сад;s;
3762  ;садиться;v;
3763  ;сажать;v;
3764  ;сало;s;
3765  ;салон;s;
3766  ;сам;apro;
3767  ;самовар;s;
3768  ;самолет;s;
3769  ;самый;apro;
3770  ;сани;s;
3771  ;санитар;s;
3772  ;сантиметр;s;
3773  ;сапог;s;
3774  ;сарай;s;
3775  ;сахар;s;
3776  ;сбегать;v;
3777  ;сбежать;v;
3778  ;сбить;v;
3779  ;сбиться;v;
3780  ;сбоку;adv;
3781  ;сбор;s;
3782  ;сбросить;v;
3783  ;свадьба;s;
3784  ;свалить;v;
3785  ;свалиться;v;
3786  ;сварить;v;
3787  ;сведение;s;
3788  ;свежий;a;
3789  ;сверкать;v;
3790  ;сверкнуть;v;
3791  ;свернуть;v;
3792  ;сверху;adv;
3793  ;свести;v;
3794  ;свет;s;
3795  ;светить;v;
3796  ;светиться;v;
3797  ;светлый;a;
3798  ;свеча;s;
3799  ;свидание;s;
3800  ;свидетель;s;
3801  ;свинья;s;
3802  ;свисать;v;
3803  ;свист;s;
3804  ;свитер;s;
3805  ;свобода;s;
3806  ;свободно;adv;
3807  ;свободный;a;
3808  ;сводить;v;
3809  ;свое;spro;
3810  ;свой;apro;
3811  ;свойство;s;
3812  ;сволочь;s;
3813  ;связанный;a;
3814  ;связать;v;
3815  ;связаться;v;
3816  ;связь;s;
3817  ;святой;a;
3818  ;священник;s;
3819  ;священный;a;
3820  ;сгореть;v;
3821  ;сдавать;v;
3822  ;сдаваться;v;
3823  ;сдать;v;
3824  ;сдаться;v;
3825  ;сдвинуть;v;
3826  ;сделать;v;
3827  ;сделаться;v;
3828  ;сдерживать;v;
3829  ;се;spro;
3830  ;себе;part;
3831  ;себя;spro;
3832  ;север;s;
3833  ;северный;a;
3834  ;сегодня;adv;
3835  ;сегодняшний;a;
3836  ;седло;s;
3837  ;седой;a;
3838  ;седьмой;anum;
3839  ;сей;apro;
3840  ;сейф;s;
3841  ;сейчас;advpro;
3842  ;секрет;s;
3843  ;секретарша;s;
3844  ;секретарь;s;
3845  ;секретный;a;
3846  ;секунда;s;
3847  ;село;s;
3848  ;сельский;a;
3849  ;семейный;a;
3850  ;семейство;s;
3851  ;семнадцать;num;
3852  ;семь;num;
3853  ;семьдесят;num;
3854  ;семья;s;
3855  ;сени;s;
3856  ;сено;s;
3857  ;сентябрь;s;
3858  ;сердечный;a;
3859  ;сердито;adv;
3860  ;сердиться;v;
3861  ;сердце;s;
3862  ;серебряный;a;
3863  ;середина;s;
3864  ;сержант;s;
3865  ;серый;a;
3866  ;серьезно;adv;
3867  ;серьезный;a;
3868  ;сестра;s;
3869  ;сесть;v;
3870  ;сетка;s;
3871  ;сеть;s;
3872  ;сжать;v;
3873  ;сжаться;v;
3874  ;сжечь;v;
3875  ;сжимать;v;
3876  ;сзади;adv;
3877  ;сигарета;s;
3878  ;сигнал;s;
3879  ;сиденье;s;
3880  ;сидеть;v;
3881  ;сила;s;
3882  ;силуэт;s;
3883  ;сильно;adv;
3884  ;сильный;a;
3885  ;симпатичный;a;
3886  ;синий;a;
3887  ;синяк;s;
3888  ;система;s;
3889  ;ситуация;s;
3890  ;сияние;s;
3891  ;сиять;v;
3892  ;скажем;adv;
3893  ;сказать;v;
3894  ;сказка;s;
3895  ;скакать;v;
3896  ;скала;s;
3897  ;скамейка;s;
3898  ;скамья;s;
3899  ;скандал;s;
3900  ;скатерть;s;
3901  ;сквозь;pr;
3902  ;скинуть;v;
3903  ;склад;s;
3904  ;складка;s;
3905  ;складывать;v;
3906  ;складываться;v;
3907  ;склон;s;
3908  ;склонить;v;
3909  ;склониться;v;
3910  ;скользить;v;
3911  ;скользкий;a;
3912  ;скользнуть;v;
3913  ;сколько;advpro;
3914  ;сколько;num;
3915  ;скомандовать;v;
3916  ;скоро;adv;
3917  ;скорость;s;
3918  ;скорый;a;
3919  ;скот;s;
3920  ;скотина;s;
3921  ;скрип;s;
3922  ;скрипеть;v;
3923  ;скрипка;s;
3924  ;скромно;adv;
3925  ;скромный;a;
3926  ;скрывать;v;
3927  ;скрываться;v;
3928  ;скрытый;a;
3929  ;скрыть;v;
3930  ;скрыться;v;
3931  ;скука;s;
3932  ;скула;s;
3933  ;скучать;v;
3934  ;скучно;adv;
3935  ;скучный;a;
3936  ;слабо;adv;
3937  ;слабость;s;
3938  ;слабый;a;
3939  ;слава;s;
3940  ;славный;a;
3941  ;сладкий;a;
3942  ;сладко;adv;
3943  ;слева;adv;
3944  ;слегка;adv;
3945  ;след;s;
3946  ;следить;v;
3947  ;следователь;s;
3948  ;следовательно;adv;
3949  ;следовать;v;
3950  ;следом;adv;
3951  ;следствие;s;
3952  ;следующий;a;
3953  ;слеза;s;
3954  ;слепой;a;
3955  ;слишком;adv;
3956  ;словно;conj;
3957  ;словно;part;
3958  ;слово;s;
3959  ;словом;adv;
3960  ;сложить;v;
3961  ;сложиться;v;
3962  ;сложный;a;
3963  ;слой;s;
3964  ;сломать;v;
3965  ;слон;s;
3966  ;слуга;s;
3967  ;служба;s;
3968  ;служебный;a;
3969  ;служить;v;
3970  ;слух;s;
3971  ;случай;s;
3972  ;случайно;adv;
3973  ;случайность;s;
3974  ;случайный;a;
3975  ;случаться;v;
3976  ;случиться;v;
3977  ;слушать;v;
3978  ;слушаться;v;
3979  ;слыхать;v;
3980  ;слышать;v;
3981  ;слышаться;v;
3982  ;слышно;adv;
3983  ;слышный;a;
3984  ;слюна;s;
3985  ;смело;adv;
3986  ;смелый;a;
3987  ;смена;s;
3988  ;сменить;v;
3989  ;смертельный;a;
3990  ;смертный;a;
3991  ;смерть;s;
3992  ;сметь;v;
3993  ;смех;s;
3994  ;смешно;adv;
3995  ;смешной;a;
3996  ;смеяться;v;
3997  ;смотреть;v;
3998  ;смочь;v;
3999  ;смуглый;a;
4000  ;смутиться;v;
4001  ;смутно;adv;
4002  ;смутный;a;
4003  ;смущенно;adv;
4004  ;смысл;s;
4005  ;снаружи;adv;
4006  ;снаряд;s;
4007  ;сначала;adv;
4008  ;снег;s;
4009  ;снежный;a;
4010  ;снести;v;
4011  ;снизу;adv;
4012  ;снимать;v;
4013  ;снимок;s;
4014  ;снисходительно;adv;
4015  ;сниться;v;
4016  ;снова;adv;
4017  ;снять;v;
4018  ;со;pr;
4019  ;собака;s;
4020  ;собачий;a;
4021  ;собеседник;s;
4022  ;собирать;v;
4023  ;собираться;v;
4024  ;собор;s;
4025  ;собрание;s;
4026  ;собрать;v;
4027  ;собраться;v;
4028  ;собственно;adv;
4029  ;собственный;a;
4030  ;событие;s;
4031  ;совать;v;
4032  ;совершать;v;
4033  ;совершенно;adv;
4034  ;совершить;v;
4035  ;совесть;s;
4036  ;совет;s;
4037  ;советовать;v;
4038  ;советский;a;
4039  ;совещание;s;
4040  ;совместный;a;
4041  ;совпадение;s;
4042  ;соврать;v;
4043  ;современный;a;
4044  ;совсем;adv;
4045  ;согласие;s;
4046  ;согласиться;v;
4047  ;согласно;pr;
4048  ;согласный;a;
4049  ;соглашаться;v;
4050  ;содержание;s;
4051  ;соединить;v;
4052  ;сожаление;s;
4053  ;создавать;v;
4054  ;создание;s;
4055  ;создать;v;
4056  ;сознание;s;
4057  ;сойти;v;
4058  ;сойтись;v;
4059  ;сок;s;
4060  ;сокровище;s;
4061  ;солдат;s;
4062  ;солдатский;a;
4063  ;соленый;a;
4064  ;солидный;a;
4065  ;солнечный;a;
4066  ;солнце;s;
4067  ;солнышко;s;
4068  ;соль;s;
4069  ;сомневаться;v;
4070  ;сомнение;s;
4071  ;сон;s;
4072  ;сонный;a;
4073  ;соображать;v;
4074  ;соображение;s;
4075  ;сообразить;v;
4076  ;сообщать;v;
4077  ;сообщение;s;
4078  ;сообщить;v;
4079  ;соответствовать;v;
4080  ;соответствующий;a;
4081  ;сопровождать;v;
4082  ;сопротивление;s;
4083  ;сопротивляться;v;
4084  ;сорвать;v;
4085  ;сорваться;v;
4086  ;сорок;num;
4087  ;сорт;s;
4088  ;сосед;s;
4089  ;соседка;s;
4090  ;соседний;a;
4091  ;сосна;s;
4092  ;состав;s;
4093  ;составить;v;
4094  ;составлять;v;
4095  ;состояние;s;
4096  ;состоять;v;
4097  ;состояться;v;
4098  ;сотня;s;
4099  ;сотрудник;s;
4100  ;сохранить;v;
4101  ;сохраниться;v;
4102  ;сохранять;v;
4103  ;социальный;a;
4104  ;сочинение;s;
4105  ;сочинить;v;
4106  ;сочинять;v;
4107  ;сочувствие;s;
4108  ;союз;s;
4109  ;спальня;s;
4110  ;спасать;v;
4111  ;спасение;s;
4112  ;спасибо;adv;
4113  ;спасибо;part;
4114  ;спасибо;s;
4115  ;спасти;v;
4116  ;спать;v;
4117  ;спектакль;s;
4118  ;сперва;adv;
4119  ;спеть;v;
4120  ;специалист;s;
4121  ;специально;adv;
4122  ;специальный;a;
4123  ;спешить;v;
4124  ;спина;s;
4125  ;спинка;s;
4126  ;спирт;s;
4127  ;список;s;
4128  ;спичка;s;
4129  ;сплошной;a;
4130  ;сплошь;adv;
4131  ;спокойно;adv;
4132  ;спокойный;a;
4133  ;спокойствие;s;
4134  ;спор;s;
4135  ;спорить;v;
4136  ;спортивный;a;
4137  ;способ;s;
4138  ;способность;s;
4139  ;способный;a;
4140  ;спохватиться;v;
4141  ;справа;adv;
4142  ;справедливость;s;
4143  ;справедливый;a;
4144  ;справиться;v;
4145  ;справка;s;
4146  ;спрашивать;v;
4147  ;спросить;v;
4148  ;спрыгнуть;v;
4149  ;спрятать;v;
4150  ;спрятаться;v;
4151  ;спускаться;v;
4152  ;спустить;v;
4153  ;спуститься;v;
4154  ;спустя;pr;
4155  ;спутник;s;
4156  ;сравнение;s;
4157  ;сразу;adv;
4158  ;среда;s;
4159  ;среди;pr;
4160  ;средний;a;
4161  ;средство;s;
4162  ;срок;s;
4163  ;срочно;adv;
4164  ;срываться;v;
4165  ;ставить;v;
4166  ;стадо;s;
4167  ;стакан;s;
4168  ;стальной;a;
4169  ;становиться;v;
4170  ;станция;s;
4171  ;старательно;adv;
4172  ;стараться;v;
4173  ;старенький;a;
4174  ;старик;s;
4175  ;старинный;a;
4176  ;старичок;s;
4177  ;старость;s;
4178  ;старуха;s;
4179  ;старушка;s;
4180  ;старший;a;
4181  ;старшина;s;
4182  ;старый;a;
4183  ;статуя;s;
4184  ;стать;s;
4185  ;стать;v;
4186  ;статья;s;
4187  ;стая;s;
4188  ;ствол;s;
4189  ;стекло;s;
4190  ;стеклянный;a;
4191  ;стена;s;
4192  ;стенка;s;
4193  ;степень;s;
4194  ;степь;s;
4195  ;стесняться;v;
4196  ;стиль;s;
4197  ;стирать;v;
4198  ;стиснуть;v;
4199  ;стихи;s;
4200  ;стихотворение;s;
4201  ;сто;num;
4202  ;стоить;v;
4203  ;стойка;s;
4204  ;стол;s;
4205  ;столб;s;
4206  ;столик;s;
4207  ;столица;s;
4208  ;столкнуться;v;
4209  ;столовая;s;
4210  ;столь;advpro;
4211  ;столько;advpro;
4212  ;столько;num;
4213  ;стон;s;
4214  ;стонать;v;
4215  ;стопка;s;
4216  ;сторож;s;
4217  ;сторона;s;
4218  ;стоять;v;
4219  ;страдание;s;
4220  ;страдать;v;
4221  ;страна;s;
4222  ;страница;s;
4223  ;странно;adv;
4224  ;странный;a;
4225  ;страсть;s;
4226  ;страх;s;
4227  ;страшно;adv;
4228  ;страшный;a;
4229  ;стрела;s;
4230  ;стрелка;s;
4231  ;стрельба;s;
4232  ;стрелять;v;
4233  ;стремительно;adv;
4234  ;стремиться;v;
4235  ;стремление;s;
4236  ;строгий;a;
4237  ;строго;adv;
4238  ;строительство;s;
4239  ;строить;v;
4240  ;строй;s;
4241  ;стройный;a;
4242  ;строка;s;
4243  ;строчка;s;
4244  ;струна;s;
4245  ;струя;s;
4246  ;студент;s;
4247  ;студенческий;a;
4248  ;студия;s;
4249  ;стук;s;
4250  ;стукнуть;v;
4251  ;стул;s;
4252  ;ступать;v;
4253  ;ступень;s;
4254  ;ступенька;s;
4255  ;ступить;v;
4256  ;стучать;v;
4257  ;стыд;s;
4258  ;стыдно;adv;
4259  ;суббота;s;
4260  ;сугроб;s;
4261  ;суд;s;
4262  ;судить;v;
4263  ;судно;s;
4264  ;судорожно;adv;
4265  ;судьба;s;
4266  ;судья;s;
4267  ;суета;s;
4268  ;суетиться;v;
4269  ;сука;s;
4270  ;сумасшедший;a;
4271  ;сумерки;s;
4272  ;суметь;v;
4273  ;сумка;s;
4274  ;сумма;s;
4275  ;сумочка;s;
4276  ;сумрак;s;
4277  ;сундук;s;
4278  ;сунуть;v;
4279  ;суп;s;
4280  ;супруг;s;
4281  ;супруга;s;
4282  ;сурово;adv;
4283  ;суровый;a;
4284  ;сутки;s;
4285  ;суть;s;
4286  ;сухо;adv;
4287  ;сухой;a;
4288  ;существо;s;
4289  ;существование;s;
4290  ;существовать;v;
4291  ;сущность;s;
4292  ;схватить;v;
4293  ;схватиться;v;
4294  ;схема;s;
4295  ;сходить;v;
4296  ;сходиться;v;
4297  ;сходство;s;
4298  ;сцена;s;
4299  ;сценарий;s;
4300  ;счастливо;adv;
4301  ;счастливый;a;
4302  ;счастье;s;
4303  ;счесть;v;
4304  ;счет;s;
4305  ;считать;v;
4306  ;считаться;v;
4307  ;съездить;v;
4308  ;съесть;v;
4309  ;сыграть;v;
4310  ;сын;s;
4311  ;сынок;s;
4312  ;сыр;s;
4313  ;сырой;a;
4314  ;сытый;a;
4315  ;сэр;s;
4316  ;сюда;advpro;
4317  ;сюжет;s;
4318  ;табак;s;
4319  ;таблетка;s;
4320  ;табличка;s;
4321  ;табуретка;s;
4322  ;таз;s;
4323  ;таинственный;a;
4324  ;таиться;v;
4325  ;тайга;s;
4326  ;тайна;s;
4327  ;тайный;a;
4328  ;так;advpro;
4329  ;также;adv;
4330  ;таков;apro;
4331  ;таковой;apro;
4332  ;такой;apro;
4333  ;такой-то;apro;
4334  ;такси;s;
4335  ;так-то;advpro;
4336  ;талант;s;
4337  ;талантливый;a;
4338  ;талия;s;
4339  ;там;advpro;
4340  ;там;part;
4341  ;танец;s;
4342  ;танк;s;
4343  ;танцевать;v;
4344  ;тарелка;s;
4345  ;таскать;v;
4346  ;татарин;s;
4347  ;татарский;a;
4348  ;тащить;v;
4349  ;таять;v;
4350  ;тварь;s;
4351  ;твердить;v;
4352  ;твердо;adv;
4353  ;твердый;a;
4354  ;твой;apro;
4355  ;творить;v;
4356  ;твориться;v;
4357  ;творческий;a;
4358  ;творчество;s;
4359  ;театр;s;
4360  ;театральный;a;
4361  ;текст;s;
4362  ;телевидение;s;
4363  ;телевизор;s;
4364  ;телега;s;
4365  ;телеграмма;s;
4366  ;телефон;s;
4367  ;телефонный;a;
4368  ;тело;s;
4369  ;тем;conj;
4370  ;тема;s;
4371  ;темнеть;v;
4372  ;темно;adv;
4373  ;темнота;s;
4374  ;темный;a;
4375  ;температура;s;
4376  ;тень;s;
4377  ;теория;s;
4378  ;теперь;advpro;
4379  ;тепло;adv;
4380  ;тепло;s;
4381  ;теплый;a;
4382  ;терпеливо;adv;
4383  ;терпение;s;
4384  ;терпеть;v;
4385  ;терраса;s;
4386  ;территория;s;
4387  ;терять;v;
4388  ;теряться;v;
4389  ;тесно;adv;
4390  ;тесный;a;
4391  ;тетка;s;
4392  ;тетрадь;s;
4393  ;тетя;s;
4394  ;техника;s;
4395  ;технический;a;
4396  ;течение;s;
4397  ;течь;v;
4398  ;теща;s;
4399  ;тип;s;
4400  ;тихий;a;
4401  ;тихо;adv;
4402  ;тихонько;adv;
4403  ;тишина;s;
4404  ;ткань;s;
4405  ;ткнуть;v;
4406  ;то;conj;
4407  ;то;part;
4408  ;то;spro;
4409  ;товар;s;
4410  ;товарищ;s;
4411  ;тогда;advpro;
4412  ;тоже;adv;
4413  ;толк;s;
4414  ;толкать;v;
4415  ;толкнуть;v;
4416  ;толком;adv;
4417  ;толпа;s;
4418  ;толстый;a;
4419  ;толчок;s;
4420  ;только;conj;
4421  ;только;part;
4422  ;том;s;
4423  ;тон;s;
4424  ;тоненький;a;
4425  ;тонкий;a;
4426  ;тонуть;v;
4427  ;топор;s;
4428  ;топтаться;v;
4429  ;торговать;v;
4430  ;торговый;a;
4431  ;торжественно;adv;
4432  ;торжественный;a;
4433  ;торжество;s;
4434  ;торопиться;v;
4435  ;торопливо;adv;
4436  ;торчать;v;
4437  ;тоска;s;
4438  ;тост;s;
4439  ;тот;apro;
4440  ;тотчас;adv;
4441  ;точка;s;
4442  ;точно;adv;
4443  ;точно;conj;
4444  ;точно;part;
4445  ;точность;s;
4446  ;точный;a;
4447  ;тощий;a;
4448  ;трава;s;
4449  ;трагедия;s;
4450  ;традиция;s;
4451  ;трактор;s;
4452  ;трамвай;s;
4453  ;транспорт;s;
4454  ;тратить;v;
4455  ;требование;s;
4456  ;требовать;v;
4457  ;требоваться;v;
4458  ;тревога;s;
4459  ;тревожить;v;
4460  ;тревожно;adv;
4461  ;тревожный;a;
4462  ;трезвый;a;
4463  ;треск;s;
4464  ;третий;anum;
4465  ;трещать;v;
4466  ;три;num;
4467  ;трибуна;s;
4468  ;тридцать;num;
4469  ;трижды;adv;
4470  ;триста;num;
4471  ;трогать;v;
4472  ;трое;num;
4473  ;троллейбус;s;
4474  ;тронуть;v;
4475  ;тронуться;v;
4476  ;тропа;s;
4477  ;тропинка;s;
4478  ;тротуар;s;
4479  ;труба;s;
4480  ;трубка;s;
4481  ;труд;s;
4482  ;трудиться;v;
4483  ;трудно;adv;
4484  ;трудность;s;
4485  ;трудный;a;
4486  ;трудовой;a;
4487  ;труп;s;
4488  ;трусы;s;
4489  ;тряпка;s;
4490  ;трясти;v;
4491  ;трястись;v;
4492  ;туалет;s;
4493  ;туго;adv;
4494  ;тугой;a;
4495  ;туда;advpro;
4496  ;туман;s;
4497  ;тумбочка;s;
4498  ;тупо;adv;
4499  ;тупой;a;
4500  ;турецкий;a;
4501  ;турист;s;
4502  ;турок;s;
4503  ;тусклый;a;
4504  ;тут;advpro;
4505  ;тут-то;advpro;
4506  ;туфля;s;
4507  ;туча;s;
4508  ;тщательно;adv;
4509  ;ты;spro;
4510  ;тыкать;v;
4511  ;тыл;s;
4512  ;тысяча;s;
4513  ;тьма;s;
4514  ;тьфу;intj;
4515  ;тюрьма;s;
4516  ;тяжело;adv;
4517  ;тяжелый;a;
4518  ;тяжесть;s;
4519  ;тяжкий;a;
4520  ;тянуть;v;
4521  ;тянуться;v;
4522  ;у;pr;
4523  ;убегать;v;
4524  ;убедить;v;
4525  ;убедиться;v;
4526  ;убежать;v;
4527  ;убеждать;v;
4528  ;убивать;v;
4529  ;убийство;s;
4530  ;убийца;s;
4531  ;убирать;v;
4532  ;убить;v;
4533  ;убрать;v;
4534  ;уважаемый;a;
4535  ;уважать;v;
4536  ;уважение;s;
4537  ;увезти;v;
4538  ;уверенно;adv;
4539  ;уверенность;s;
4540  ;уверенный;a;
4541  ;уверить;v;
4542  ;уверять;v;
4543  ;увести;v;
4544  ;увидеть;v;
4545  ;уволить;v;
4546  ;увы;intj;
4547  ;угадать;v;
4548  ;уговаривать;v;
4549  ;уговорить;v;
4550  ;угодить;v;
4551  ;угодно;adv;
4552  ;угодно;part;
4553  ;угол;s;
4554  ;уголовный;a;
4555  ;уголок;s;
4556  ;уголь;s;
4557  ;угрожать;v;
4558  ;угроза;s;
4559  ;угрюмо;adv;
4560  ;угрюмый;a;
4561  ;удаваться;v;
4562  ;удалиться;v;
4563  ;удаляться;v;
4564  ;удар;s;
4565  ;ударить;v;
4566  ;удариться;v;
4567  ;удаться;v;
4568  ;удача;s;
4569  ;удачно;adv;
4570  ;удачный;a;
4571  ;удержать;v;
4572  ;удержаться;v;
4573  ;удерживать;v;
4574  ;удивительно;adv;
4575  ;удивительный;a;
4576  ;удивить;v;
4577  ;удивиться;v;
4578  ;удивление;s;
4579  ;удивленно;adv;
4580  ;удивляться;v;
4581  ;удобно;adv;
4582  ;удобный;a;
4583  ;удовлетворение;s;
4584  ;удовольствие;s;
4585  ;уезжать;v;
4586  ;уехать;v;
4587  ;уж;adv;
4588  ;уж;part;
4589  ;ужас;s;
4590  ;ужасно;adv;
4591  ;ужасный;a;
4592  ;уже;adv;
4593  ;ужин;s;
4594  ;узел;s;
4595  ;узкий;a;
4596  ;узнавать;v;
4597  ;узнать;v;
4598  ;уйти;v;
4599  ;указание;s;
4600  ;указать;v;
4601  ;указывать;v;
4602  ;укол;s;
4603  ;украинский;a;
4604  ;украсить;v;
4605  ;украсть;v;
4606  ;улететь;v;
4607  ;улечься;v;
4608  ;улица;s;
4609  ;уличный;a;
4610  ;уловить;v;
4611  ;уложить;v;
4612  ;улыбаться;v;
4613  ;улыбка;s;
4614  ;улыбнуться;v;
4615  ;ум;s;
4616  ;умение;s;
4617  ;умереть;v;
4618  ;уметь;v;
4619  ;умирать;v;
4620  ;умный;a;
4621  ;умолкнуть;v;
4622  ;умолять;v;
4623  ;унести;v;
4624  ;университет;s;
4625  ;уничтожить;v;
4626  ;уносить;v;
4627  ;унылый;a;
4628  ;упасть;v;
4629  ;упереться;v;
4630  ;упираться;v;
4631  ;упомянуть;v;
4632  ;упор;s;
4633  ;упорно;adv;
4634  ;управление;s;
4635  ;управлять;v;
4636  ;упрямо;adv;
4637  ;упустить;v;
4638  ;ура;intj;
4639  ;уровень;s;
4640  ;урок;s;
4641  ;уронить;v;
4642  ;ус;s;
4643  ;усадить;v;
4644  ;усесться;v;
4645  ;усилие;s;
4646  ;условие;s;
4647  ;услуга;s;
4648  ;услышать;v;
4649  ;усмехаться;v;
4650  ;усмехнуться;v;
4651  ;усмешка;s;
4652  ;уснуть;v;
4653  ;успевать;v;
4654  ;успеть;v;
4655  ;успех;s;
4656  ;успокаивать;v;
4657  ;успокоить;v;
4658  ;успокоиться;v;
4659  ;уставиться;v;
4660  ;устало;adv;
4661  ;усталость;s;
4662  ;усталый;a;
4663  ;установить;v;
4664  ;устать;v;
4665  ;устраивать;v;
4666  ;устремиться;v;
4667  ;устроить;v;
4668  ;устроиться;v;
4669  ;устройство;s;
4670  ;уступать;v;
4671  ;уступить;v;
4672  ;утверждать;v;
4673  ;утешать;v;
4674  ;уткнуться;v;
4675  ;утонуть;v;
4676  ;уточнить;v;
4677  ;утратить;v;
4678  ;утренний;a;
4679  ;утро;s;
4680  ;ухаживать;v;
4681  ;ухватить;v;
4682  ;ухватиться;v;
4683  ;ухмыльнуться;v;
4684  ;ухо;s;
4685  ;уход;s;
4686  ;уходить;v;
4687  ;уцелеть;v;
4688  ;участвовать;v;
4689  ;участие;s;
4690  ;участковый;s;
4691  ;участник;s;
4692  ;участок;s;
4693  ;учебник;s;
4694  ;ученик;s;
4695  ;ученый;a;
4696  ;ученый;s;
4697  ;учесть;v;
4698  ;училище;s;
4699  ;учитель;s;
4700  ;учительница;s;
4701  ;учить;v;
4702  ;учиться;v;
4703  ;учреждение;s;
4704  ;уютный;a;
4705  ;фабрика;s;
4706  ;факт;s;
4707  ;фамилия;s;
4708  ;фантазия;s;
4709  ;фантастический;a;
4710  ;фара;s;
4711  ;фашист;s;
4712  ;фигура;s;
4713  ;фигурка;s;
4714  ;физик;s;
4715  ;физиономия;s;
4716  ;физический;a;
4717  ;философ;s;
4718  ;фильм;s;
4719  ;финансовый;a;
4720  ;фиолетовый;a;
4721  ;фирма;s;
4722  ;флаг;s;
4723  ;флот;s;
4724  ;фокус;s;
4725  ;фон;part;
4726  ;фон;s;
4727  ;фонарик;s;
4728  ;фонарь;s;
4729  ;фонтан;s;
4730  ;форма;s;
4731  ;формула;s;
4732  ;фотография;s;
4733  ;фраза;s;
4734  ;француз;s;
4735  ;французский;a;
4736  ;фронт;s;
4737  ;фрукт;s;
4738  ;фуражка;s;
4739  ;фыркнуть;v;
4740  ;фюрер;s;
4741  ;халат;s;
4742  ;характер;s;
4743  ;хата;s;
4744  ;хватать;v;
4745  ;хвататься;v;
4746  ;хватить;v;
4747  ;хвост;s;
4748  ;хирург;s;
4749  ;хитрый;a;
4750  ;хлеб;s;
4751  ;хлопать;v;
4752  ;хлопнуть;v;
4753  ;хмуро;adv;
4754  ;хмурый;a;
4755  ;хмыкнуть;v;
4756  ;ход;s;
4757  ;ходить;v;
4758  ;хозяин;s;
4759  ;хозяйка;s;
4760  ;хозяйство;s;
4761  ;холм;s;
4762  ;холод;s;
4763  ;холодильник;s;
4764  ;холодно;adv;
4765  ;холодный;a;
4766  ;хор;s;
4767  ;хоронить;v;
4768  ;хорошенький;a;
4769  ;хороший;a;
4770  ;хорошо;adv;
4771  ;хорошо;part;
4772  ;хотеть;v;
4773  ;хотеться;v;
4774  ;хоть;conj;
4775  ;хоть;part;
4776  ;хотя;conj;
4777  ;хотя;part;
4778  ;хохот;s;
4779  ;хохотать;v;
4780  ;храм;s;
4781  ;хранить;v;
4782  ;храниться;v;
4783  ;хрен;s;
4784  ;хрипло;adv;
4785  ;хрупкий;a;
4786  ;художественный;a;
4787  ;художник;s;
4788  ;худой;a;
4789  ;хутор;s;
4790  ;царить;v;
4791  ;царский;a;
4792  ;царство;s;
4793  ;царь;s;
4794  ;цвести;v;
4795  ;цвет;s;
4796  ;цветной;a;
4797  ;цветок;s;
4798  ;целиком;adv;
4799  ;целовать;v;
4800  ;целоваться;v;
4801  ;целое;s;
4802  ;целый;a;
4803  ;цель;s;
4804  ;цена;s;
4805  ;ценить;v;
4806  ;ценность;s;
4807  ;ценный;a;
4808  ;центр;s;
4809  ;центральный;a;
4810  ;цепляться;v;
4811  ;цепочка;s;
4812  ;цепь;s;
4813  ;церковь;s;
4814  ;цех;s;
4815  ;цивилизация;s;
4816  ;цирк;s;
4817  ;цифра;s;
4818  ;цыган;s;
4819  ;цыпочки;s;
4820  ;чай;s;
4821  ;чайка;s;
4822  ;чайник;s;
4823  ;час;s;
4824  ;часовой;s;
4825  ;частность;s;
4826  ;частный;a;
4827  ;часто;adv;
4828  ;частый;a;
4829  ;часть;s;
4830  ;часы;s;
4831  ;чаша;s;
4832  ;чашка;s;
4833  ;чего;advpro;
4834  ;чей;apro;
4835  ;чей-то;apro;
4836  ;человек;s;
4837  ;человечек;s;
4838  ;человеческий;a;
4839  ;человечество;s;
4840  ;челюсть;s;
4841  ;чем;conj;
4842  ;чемодан;s;
4843  ;чепуха;s;
4844  ;чердак;s;
4845  ;через;pr;
4846  ;череп;s;
4847  ;чересчур;adv;
4848  ;черный;a;
4849  ;черт;s;
4850  ;черта;s;
4851  ;чертов;a;
4852  ;честно;adv;
4853  ;честный;a;
4854  ;честь;s;
4855  ;четверо;num;
4856  ;четвертый;anum;
4857  ;четверть;s;
4858  ;четкий;a;
4859  ;четко;adv;
4860  ;четыре;num;
4861  ;четырнадцать;num;
4862  ;чин;s;
4863  ;чиновник;s;
4864  ;число;s;
4865  ;чистить;v;
4866  ;чисто;adv;
4867  ;чистота;s;
4868  ;чистый;a;
4869  ;читатель;s;
4870  ;читать;v;
4871  ;член;s;
4872  ;чрезвычайно;adv;
4873  ;чтение;s;
4874  ;что;advpro;
4875  ;что;conj;
4876  ;что;spro;
4877  ;чтоб;conj;
4878  ;чтобы;conj;
4879  ;что-либо;spro;
4880  ;что-нибудь;spro;
4881  ;что-то;spro;
4882  ;чувство;s;
4883  ;чувствовать;v;
4884  ;чувствоваться;v;
4885  ;чудесный;a;
4886  ;чудо;s;
4887  ;чудовище;s;
4888  ;чудовищный;a;
4889  ;чужой;a;
4890  ;чулок;s;
4891  ;чуть;adv;
4892  ;чуть-чуть;adv;
4893  ;чушь;s;
4894  ;чуять;v;
4895  ;шаг;s;
4896  ;шагать;v;
4897  ;шагнуть;v;
4898  ;шампанское;s;
4899  ;шанс;s;
4900  ;шапка;s;
4901  ;шапочка;s;
4902  ;шар;s;
4903  ;шарик;s;
4904  ;швырнуть;v;
4905  ;шевелить;v;
4906  ;шевелиться;v;
4907  ;шелковый;a;
4908  ;шепнуть;v;
4909  ;шепот;s;
4910  ;шепотом;adv;
4911  ;шептать;v;
4912  ;шерсть;s;
4913  ;шестнадцать;num;
4914  ;шестой;anum;
4915  ;шесть;num;
4916  ;шестьдесят;num;
4917  ;шеф;s;
4918  ;шея;s;
4919  ;шинель;s;
4920  ;широкий;a;
4921  ;широко;adv;
4922  ;шить;v;
4923  ;шкаф;s;
4924  ;школа;s;
4925  ;школьный;a;
4926  ;шкура;s;
4927  ;шлем;s;
4928  ;шляпа;s;
4929  ;шорох;s;
4930  ;шоссе;s;
4931  ;шофер;s;
4932  ;шпион;s;
4933  ;шрам;s;
4934  ;штаб;s;
4935  ;штаны;s;
4936  ;штат;s;
4937  ;штора;s;
4938  ;штука;s;
4939  ;шуба;s;
4940  ;шум;s;
4941  ;шуметь;v;
4942  ;шумно;adv;
4943  ;шумный;a;
4944  ;шуршать;v;
4945  ;шут;s;
4946  ;шутить;v;
4947  ;шутка;s;
4948  ;щека;s;
4949  ;щелкнуть;v;
4950  ;щель;s;
4951  ;щенок;s;
4952  ;щит;s;
4953  ;э;intj;
4954  ;эй;intj;
4955  ;экзамен;s;
4956  ;экземпляр;s;
4957  ;экипаж;s;
4958  ;экран;s;
4959  ;экспедиция;s;
4960  ;эксперимент;s;
4961  ;электрический;a;
4962  ;электричество;s;
4963  ;электричка;s;
4964  ;эмоция;s;
4965  ;энергия;s;
4966  ;эпоха;s;
4967  ;этаж;s;
4968  ;этакий;apro;
4969  ;этап;s;
4970  ;это;part;
4971  ;это;spro;
4972  ;этот;apro;
4973  ;эх;intj;
4974  ;эхо;s;
4975  ;эшелон;s;
4976  ;юбка;s;
4977  ;юг;s;
4978  ;южный;a;
4979  ;юмор;s;
4980  ;юность;s;
4981  ;юноша;s;
4982  ;юный;a;
4983  ;я;spro;
4984  ;яблоко;s;
4985  ;явиться;v;
4986  ;явление;s;
4987  ;являться;v;
4988  ;явно;adv;
4989  ;явный;a;
4990  ;ягода;s;
4991  ;яд;s;
4992  ;язык;s;
4993  ;яйцо;s;
4994  ;якобы;part;
4995  ;яма;s;
4996  ;январь;s;
4997  ;японский;a;
4998  ;яркий;a;
4999  ;ярко;adv;
5000  ;яростно;adv;
5001  ;ярость;s;
5002  ;ясно;adv;
5003  ;ясность;s;
5004  ;ясный;a;
5005  ;ять;s;
5006  ;ящик;s;
